brand_id,id,name,desc
0,1,Alisha,This is a new brand
1,2,FabHomeDecor,This is a new brand
2,3,AW,This is a new brand
3,4,Sicons,This is a new brand
4,5,dilli bazaaar,This is a new brand
5,6,Ladela,This is a new brand
6,7,Carrel,This is a new brand
7,8,Freelance,This is a new brand
8,9,Style Foot,This is a new brand
9,10,dongli,This is a new brand
10,11,SWAGGA,This is a new brand
11,12,Kennel,This is a new brand
12,13,New Brand,This is a new brand
13,14,Indcrown,This is a new brand
14,15,Shopmania,This is a new brand
15,16,Tiara Diaries,This is a new brand
16,17,KAJCI,This is a new brand
17,18,Packman,This is a new brand
18,19,Pick Pocket,This is a new brand
19,20,Angelfish,This is a new brand
20,21,Oye,This is a new brand
21,22,Nuride,This is a new brand
22,23,OM SHIVAKRITI,This is a new brand
23,24,Himmlisch,This is a new brand
24,25,Rapter,This is a new brand
25,26,Roadster,This is a new brand
26,27,HRS,This is a new brand
27,28,Vermello,This is a new brand
28,29,Ligans NY,This is a new brand
29,30,Elegance,This is a new brand
30,31,Liza,This is a new brand
31,32,Sathiyas,This is a new brand
32,33,Eurospa,
33,34,SANTOSH ROYAL FASHION,
34,35,CASEDEAL,
35,36,Mario Gotze,
36,37,Jaipur Print,
37,38,Shilpi,
38,39,Babeezworld,
39,40,Redbag,
40,41,Proence,
41,42,Slim,
42,43,Skanders,
43,44,Regular,
44,45,Skinny Fit,
45,46,ezyPRNT,
46,47,Traditions,
47,48,First Choice,
48,49,Eccellente,
49,50,Nechams,
50,51,JASPO,
51,52,Masaba for Magic fairy,
52,53,Momin Libas,
53,54,ACM,
54,55,A R ENTERPRISES,
55,56,ShoeBuzz,
56,57,Zed,
57,58,House This,
58,59,womaniya,
59,60,Taj Pearl,
60,61,Bento,
61,62,Wake Up Competition,
62,63,JQR,
63,64,Great Art,
64,65,Zoe Marciano,
65,66,Kleio,
66,67,Skipper,
67,68,Mizuno,
68,69,Turbo,
69,70,Stamin,
70,71,Pure Source,
71,72,Asian Gems & Jewels,
72,73,Kings,
73,74,Avsar,
74,75,Nishtaa,
75,76,Eshoppee,
76,77,Karatcraft,
77,78,WearYourShine by PCJ,
78,79,BlueStone,
79,80,Clara,
80,81,Living World by Home Stop,
81,82,Regular Fit,
82,83,KuberBox,
83,84,CaratLane,
84,85,Karigaari,
85,86,Totta,
86,87,Araanz by Tribhovandas Bhimji Zaveri Delhi,
87,88,Jewels Of Jaipur,
88,89,JDX,
89,90,DailyObjects,
90,91,Kiara Jewellery,
91,92,Ishtaa,
92,93,Riva Carpets,
93,94,Allure,
94,95,G-Luck,
95,96,Wise Guys,
96,97,Kundali,
97,98,Indian Gems And Jewells,
98,99,Myesquire,
99,100,IskiUski,
100,101,H E Creations,
101,102,Jacknjewel,
102,103,JacknJewel,
103,104,Zenescope Entertainment,
104,105,Twilight Creations,
105,106,Dungri India Craft,
106,107,Newworld,
107,108,Hariom Enterprises,
108,109,BFT,
109,110,Lamy,
110,111,Medimix,
111,112,American-Elm,
112,113,LG,
113,114,Raymond,
114,115,Furst,
115,116,KalaBhawan,
116,117,Serebroarts,
117,118,Sunrise,
118,119,Jayanti sarees,
119,120,JMD,
120,121,Mom and Kid,
121,122,reckonon,
122,123,Zebra,
123,124,Devinez,
124,125,Kripa's,
125,126,ROSEMOORE,
126,127,Itiha,
127,128,Mynte,
128,129,TRESemme,
129,130,AKUP,
130,131,MohanJodero,
131,132,Burt s Bees,
132,133,D-Link,
133,134,Suave,
134,135,Dove,
135,136,Paul Mitchell,
136,137,RoQ,
137,138,BrandTrendz,
138,139,Crocs,
139,140,Com-Paint,
140,141,MERIL,
141,142,Asian Aura,
142,143,Niremo,
143,144,Aadyaa Collections,
144,145,INDRICKA,
145,146,Schtaron,
146,147,D'clair,
147,148,Herbal Jewellery,
148,149,Riot Jeans,
149,150,Mount Nano,
150,151,V4STYLES,
151,152,Carmity,
152,153,PHOCOS,
153,154,Dupli Color,
154,155,TAB91,
155,156,Trigcars,
156,157,HANSFOOTNFIT,
157,158,Selfiwear,
158,159,S9 WOMEN,
159,160,esoft,
160,161,Imported,
161,162,Pink Rose,
162,163,Autofurnish,
163,164,CSBS Sale,
164,165,i-gadgets,
165,166,DEEP FASHION,
166,167,Loreal,
167,168,FIla,
168,169,INDIANO,
169,170,BGS,
170,171,Proganix,
171,172,Rainfun,
172,173,Anno Dominii,
173,174,Lovely Chick,
174,175,Pavers England,
175,176,Wolfer,
176,177,Neo strike,
177,178,cm,
178,179,Galaxy,
179,180,C Kreul,
180,181,OASIS,
181,182,GOLDEN GLOBE,
182,183,Krg Enterprises,
183,184,Escoda,
184,185,Cookart,
185,186,Wardtrobe,
186,187,Mineral,
187,188,Zastraa,
188,189,LA ATTIRE,
189,190,Abony,
190,191,Corona,
191,192,Crokrok,
192,193,Pearl,
193,194,CARBANAO,
194,195,Fuson,
195,196,Bike World,
196,197,Shoprider,
197,198,Bootwale,
198,199,N Five,
199,200,CANMP,
200,201,RYTHMX,
201,202,Dernier Wear,
202,203,Ajaero,
203,204,Brillare Science,
204,205,Mars,
205,206,Oranje,
206,207,Futaba,
207,208,Fabpoppy,
208,209,Lambency,
209,210,Shortkut enterprises,
210,211,Adidas,
211,212,CarSizzler,
212,213,Dinoimpex,
213,214,Aroma Care,
214,215,I Know,
215,216,STREET LONDON,
216,217,Ennoble,
217,218,Leebo,
218,219,KOHL,
219,220,Inc.5,
220,221,BOLLYWOOD ACCESSORY,
221,222,CHHOTE JANAB,
222,223,Bharatcraft,
223,224,Candy House,
224,225,Victoria's Secret,
225,226,addee,
226,227,VIVIANA,
227,228,Prime,
228,229,Jutecentral,
229,230,SKI,
230,231,Weldecor,
231,232,Foot Furnish,
232,233,VITAMINS,
233,234,HSFS,
234,235,BURDY,
235,236,PUSHCART,
236,237,Simitoes,
237,238,Asian,
238,239,Avon,
239,240,GAYATRI CREATIONS,
240,241,Caffeine,
241,242,VAGON,
242,243,Dutch Benson,
243,244,Pandora,
244,245,Garnet,
245,246,Blue Birds USA Homeware,
246,247,W.A.Y,
247,248,Lakos,
248,249,Blue Birds Usa Homeware,
249,250,Dr. Thapar's,
250,251,X-WELL,
251,252,GAJ IMPEX,
252,253,Speedwav,
253,254,FS Mini Klub,
254,255,Speedo,
255,256,SHEFFIELD CLASSIC,
256,257,DEBOCK,
257,258,Vitamins,
258,259,KE,
259,260,Kartique,
260,261,DARPAN,
261,262,Giorgio Armani,
262,263,Silvesto India,
263,264,Gehna,
264,265,Kirati,
265,266,florence9,
266,267,Vastrani,
267,268,Mothercare,
268,269,Steelseries,
269,270,Techware,
270,271,VarEesha,
271,272,AND Designs,
272,273,Platex,
273,274,BONHEUR,
274,275,Stealodeal,
275,276,Zevrr,
276,277,Kitts N Nevis,
277,278,fashion bazar,
278,279,Sohardhastshilp,
279,280,Philigree,
280,281,Noritake,
281,282,Rastogi Handicrafts,
282,283,UMA TRADERS,
283,284,CraftGhar,
284,285,Malabar Gold and Diamonds,
285,286,Maped,
286,287,Dealcrox,
287,288,Action Shoes,
288,289,fourgee,
289,290,VIHA,
290,291,Rasav Jewels,
291,292,Reinvent,
292,293,BUMPKIN,
293,294,fashion point,
294,295,Frabjous,
295,296,Oner,
296,297,ENTEASE,
297,298,Puma,
298,299,PeepalComm,
299,300,BI,
300,301,Bubi,
301,302,Mast & Harbour,
302,303,Dolphin Product,
303,304,IPG,
304,305,bohocraft,
305,306,dgold,
306,307,Selfcare,
307,308,Treasure,
308,309,Dgold,
309,310,RAA,
310,311,poonamcreation,
311,312,CHINMAY KIDS,
312,313,CHKOKKO,
313,314,AdroitZ,
314,315,KooKoo Fashion,
315,316,Dispowear,
316,317,Voril Fashion,
317,318,couponsmall,
318,319,HEAVENLY,
319,320,Texco,
320,321,Linzina,
321,322,generic,
322,323,Plush,
323,324,Only,
324,325,YBC,
325,326,iWonder,
326,327,@home,
327,328,MayurShilpa,
328,329,American Swan,
329,330,Finger's,
330,331,TAMBAS,
331,332,Nordlich,
332,333,Gwyn lingerie,
333,334,SVT ADA COLLECTIONS,
334,335,GREENWICH,
335,336,Zadine,
336,337,Mobile Makeup,
337,338,Smart Wall Guru,
338,339,Love More,
339,340,Aerosoft,
340,341,Nike,
341,342,Souminie,
342,343,Opaleena,
343,344,Beebay,
344,345,Redesign,
345,346,Done By None,
346,347,Glitzy Galz,
347,348,AYMH,
348,349,YK,
349,350,Hemden,
350,351,ADIWALK,
351,352,Viaan,
352,353,Parinaaz,
353,354,oxford,
354,355,Polki,
355,356,Xtremeonlinestore,
356,357,NIRLON,
357,358,Oleanna,
358,359,Decon,
359,360,Spangel Fashion,
360,361,SONIK,
361,362,Mee Mee,
362,363,The balm,
363,364,Vency creation,
364,365,Eureka.in,
365,366,knp enterprise,
366,367,Cross Fingers,
367,368,Hm International,
368,369,Craft Trade,
369,370,C&E,
370,371,Adt Saral,
371,372,PerfectBlue,
372,373,morpankh Enterprise,
373,374,Lakiya,
374,375,Hers by Herman,
375,376,UR Image,
376,377,salt n pepper,
377,378,Magical Knots,
378,379,ferari,
379,380,Tallenge,
380,381,Voylla,
381,382,NumBrave,
382,383,CREEDS,
383,384,Gold Dust,
384,385,Pruto,
385,386,ARIHANT,
386,387,Calvin Klein,
387,388,URBAN SHAUK,
388,389,Embibo,
389,390,SKY TRENDS GIFT,
390,391,KAVACi,
391,392,ACCESSOREEZ,
392,393,VK Jewels,
393,394,DWM,
394,395,appleofmyi,
395,396,SUNFLAME,
396,397,HugMe.fashion,
397,398,Diviniti,
398,399,Parv Collections,
399,400,Jaunty,
400,401,Vendee Fashion,
401,402,Pearls India,
402,403,Iron Crafts,
403,404,Dev Jewellery,
404,405,Exotic India,
405,406,Aapno Rajasthan,
406,407,ARK Creation,
407,408,Shri Shyam Baba Jewellers,
408,409,Mrignayaneei,
409,410,Vidhya Kangan,
410,411,Ayesha,
411,412,Paras,
412,413,Right Florist,
413,414,Snug Hug,
414,415,Sixthsense,
415,416,Shagun,
416,417,Joyeria Milan,
417,418,BeYOUtiful,
418,419,Black,
419,420,Galz4ever,
420,421,Ada Jewel,
421,422,Amba Handicraft,
422,423,Pawzone,
423,424,My Angel,
424,425,Adhira,
425,426,The Art Jewellery,
426,427,Seher,
427,428,Nexessories,
428,429,Adaa,
429,430,Trinketbag,
430,431,Sri Bansilal Pearls,
431,432,Creative Spinach,
432,433,Blissdrizzle,
433,434,SR Crafts,
434,435,Transcend,
435,436,Leaftrend,
436,437,FOCI,
437,438,E-Studio,
438,439,Handecor,
439,440,Just Women,
440,441,Green House,
441,442,Myint,
442,443,Jazzup,
443,444,K&P,
444,445,Lotusa,
445,446,Gift Island,
446,447,Radiant Bay,
447,448,G-MOS,
448,449,Samradhi,
449,450,Kasemantra,
450,451,TUP,
451,452,Alexus,
452,453,kasemantra,
453,454,Kanu,
454,455,P.N.Gadgil Jewellers,
455,456,Jewels of Jaipur,
456,457,Poddar,
457,458,Unique Designes,
458,459,HOKO,
459,460,Kamakhya Jewels,
460,461,Gizmoz Customs,
461,462,Icon,
462,463,Ojasvi,
463,464,Rama,
464,465,Cloth Fusion,
465,466,VES,
466,467,Silkworm,
467,468,LinkedInLove,
468,469,Shop Rajasthan,
469,470,cotton leaf,
470,471,KolorFish,
471,472,Gioiabazar,
472,473,El Sandlo,
473,474,Johareez,
474,475,HMO India,
475,476,Jewels5,
476,477,JewelHub,
477,478,AMZER,
478,479,Shiv Textile,
479,480,Tycab,
480,481,MOBILECOPS,
481,482,Jewelsnext,
482,483,Bestway,
483,484,Instyles,
484,485,Kapa,
485,486,Artisan Creation,
486,487,iAccy,
487,488,Goyal India,
488,489,Jewelhub,
489,490,UAG,
490,491,Brite,
491,492,Blanket Zone,
492,493,Bagru Crafts,
493,494,Mobilecops,
494,495,Jpearls,
495,496,Vheelocityin,
496,497,Indigocart,
497,498,EDGE PLUS,
498,499,Remtex Export,
499,500,Tradition India,
500,501,Royal,
501,502,CORA,
502,503,TWISHA,
503,504,Khadi,
504,505,TRENDIEZ,
505,506,V & B GALLERY,
506,507,Alark The Ethnic,
507,508,RETAIL SHOP INDIA,
508,509,YoudyCo,
509,510,X-Poz,
510,511,Nutrispa,
511,512,Nuteez,
512,513,domestiq,
513,514,Perfect,
514,515,Guardian,
515,516,Eternity,
516,517,BODYSENSE,
517,518,HIMGIRI,
518,519,Odoky,
519,520,Fashion Plus,
520,521,Samsung,
521,522,Purple,
522,523,Pink,
523,524,White,
524,525,Brown,
525,526,Green,
526,527,Blue,
527,528,Maroon,
528,529,Black/ White,
529,530,Red,
530,531,Grey,
531,532,Royal Blue,
532,533,Light Pink,
533,534,Dark Pink,
534,535,Yellow,
535,536,Olive Green,
536,537,Navy,
537,538,Cream,
538,539,Beige,
539,540,Mehroon,
540,541,Skin,
541,542,Majenta,
542,543,Orange,
543,544,Multicolor,
544,545,red,
545,546,Sky Blue,
546,547,RED,
547,548,Light Blue,
548,549,Baby Pink,
549,550,Light Orange,
550,551,Light Brown,
551,552,Coffee,
552,553,PURPLE,
553,554,MAGENTA,
554,555,Dark Green,
555,556,SKIN,
556,557,Mauve,
557,558,Falsa,
558,559,Rouge Red,
559,560,Dark Red,
560,561,Black & Yellow,
561,562,Deep Lavender,
562,563,Peach,
563,564,Gold,
564,565,Carrot Pink,
565,566,N.Blue,
566,567,Firozy,
567,568,Neon Pink,
568,569,Carrot Red,
569,570,Vibrant Yellow,
570,571,Leopard Print,
571,572,Dark Grey,
572,573,Bold Black,
573,574,Light Green,
574,575,Multi,
575,576,Grey & White,
576,577,NavyBlue,
577,578,lavender-Black,
578,579,Rani,
579,580,Cherry,
580,581,Powder Blue,
581,582,Black Multi,
582,583,Rust,
583,584,Turquise,
584,585,Grey & Black,
585,586,Dark Blue,
586,587,Light Purple,
587,588,Magentta,
588,589,Grey Melange,
589,590,Green-Black,
590,591,LightPink,
591,592,Darkpink,
592,593,Light pink,
593,594,Peach Red,
594,595,Grey/ White,
595,596,Tillu Pillu,
596,597,SB RETAILS,
597,598,Saarah,
598,599,Empreus,
599,600,Aden & M,
600,601,Bottoms More,
601,602,diva boutique,
602,603,Bodycare,
603,604,Goodwill Impex,
604,605,C.E Collection,
605,606,Mactree,
606,607,JDK NOVELTY,
607,608,Liberty,
608,609,Khadim's,
609,610,IBALL,
610,611,Edel,
611,612,Rockshose,
612,613,Crazy Deal,
613,614,Brandvilla,
614,615,HK-Impex,
615,616,Fpc Creations,
616,617,Oggo Deo,
617,618,IBS,
618,619,Anuradha Art,
619,620,720 Armour,
620,621,GLAMWALK,
621,622,Estilo,
622,623,trustedsnap,
623,624,Trendy Divva,
624,625,Vero Moda,
625,626,Avenue,
626,627,JUHI CREATIONS,
627,628,Lavennder,
628,629,Tuelip,
629,630,Nickolas,
630,631,Quoface,
631,632,Klaur Melbourne,
632,633,Vala'S,
633,634,Remix,
634,635,Omic,
635,636,AQUAPOLO,
636,637,induscraft,
637,638,O Baby,
638,639,Prachin,
639,640,WPM,
640,641,Filink,
641,642,Collectible India,
642,643,Recrafto,
643,644,Interio Crafts,
644,645,ESHOPITUDE,
645,646,FAX,
646,647,Gkidz,
647,648,Clench,
648,649,VRTYA,
649,650,LUMBER BOY,
650,651,Port,
651,652,FRENEMY,
652,653,BIKER BOYS,
653,654,Jon Pep,
654,655,TOUCHWOOD,
655,656,Chazer,
656,657,Leather chief,
657,658,HRX by Hrithik Roshan,
658,659,Feminine,
659,660,Micromax,
660,661,Comex,
661,662,SIESTA,
662,663,THELABELLIFE.com,
663,664,Hitway,
664,665,MAK,
665,666,Lilliput,
666,667,Gasser,
667,668,Coash,
668,669,ARMOIRE,
669,670,SoleThreads,
670,671,topolino,
671,672,Spa Culture,
672,673,Trend Notes,
673,674,EVER WEAR,
674,675,Crux&Hunter,
675,676,Zippy,
676,677,TIMBERLAKE,
677,678,Action,
678,679,Retina,
679,680,FLITE,
680,681,LAST BENCH,
681,682,Martini,
682,683,PI ZON,
683,684,BARESKIN,
684,685,benext,
685,686,Panit,
686,687,Marks & Spencer,
687,688,Saco,
688,689,Reevolution,
689,690,PURYS,
690,691,BELL,
691,692,keshar,
692,693,XEBAC,
693,694,Quilt India,
694,695,Rajrang,
695,696,Toffyhouse,
696,697,VDRIVE,
697,698,Bond Beatz,
698,699,ortel,
699,700,ZORDEN,
700,701,AMCO,
701,702,ATIS AMCO,
702,703,WorldWearFootwear,
703,704,Holy Krishna,
704,705,Hand Art,
705,706,Shyam Fashion,
706,707,Ridhi-Impex,
707,708,Dark Image,
708,709,Zappy,
709,710,SHOPMANIA,
710,711,Toe Spring,
711,712,Goldcave,
712,713,Xerobic,
713,714,Ganga,
714,715,Trmpi,
715,716,VECTOR-X,
716,717,AAO+,
717,718,EYE GLASS,
718,719,HERDY,
719,720,Zyaden,
720,721,Elligator,
721,722,Shopizone,
722,723,Salwar Studio,
723,724,Craftcart,
724,725,Trendy Nuts,
725,726,SOS,
726,727,F-Loop,
727,728,Starsy,
728,729,Fanideaz,
729,730,Knotty Derby,
730,731,Hunny Bunny,
731,732,RPB,
732,733,Japdan,
733,734,Slim Fit,
734,735,Being Nawab,
735,736,Rajex,
736,737,Arsalan,
737,738,IndoSurgicals,
738,739,Allure Auto,
739,740,Pratha,
740,741,Ruchiworld,
741,742,S C Handicrafts,
742,743,RajLaxmi,
743,744,Ravishing Variety,
744,745,Famous,
745,746,Filtre,
746,747,Accessory Mart,
747,748,Monil,
748,749,Chefn,
749,750,Lal Haveli,
750,751,Dexas,
751,752,NEHP,
752,753,Sovam International,
753,754,Tatvaarts,
754,755,Ona'S,
755,756,Shoppingtara,
756,757,3a Autocare,
757,758,Onlineshoppee,
758,759,Gran,
759,760,Tirupati,
760,761,Sam,
761,762,Excel,
762,763,Tescoma,
763,764,Siri Creations,
764,765,Mooz,
765,766,Ratash.Com,
766,767,Surface180,
767,768,Tiedribbons,
768,769,Detak,
769,770,SAC,
770,771,Utkalika,
771,772,MCB Exports,
772,773,Ray-Pro,
773,774,3a AUTOCARE,
774,775,Shree Homdecor,
775,776,Sunvi,
776,777,Step4deal,
777,778,Mahadev Handicrafts,
778,779,EON,
779,780,Triston Home,
780,781,Surface 180,
781,782,Rajo Raja,
782,783,MA Design Hut,
783,784,OXO,
784,785,Ninety One Degree,
785,786,Nourish,
786,787,Go Hooked,
787,788,Purpledip,
788,789,KB's,
789,790,Slice of Bengal,
790,791,Mable,
791,792,The Crystal Jewel,
792,793,Quirky,
793,794,Made In China,
794,795,Orange Tree,
795,796,Trudeau,
796,797,Unique Design,
797,798,MSC Shuangmin,
798,799,Marwar,
799,800,Miracle,
800,801,5 FEELINGS,
801,802,Pg Handicrafts,
802,803,Unravel india,
803,804,Orchard,
804,805,Trove,
805,806,Youshine,
806,807,Zaicus,
807,808,Smghut,
808,809,UpTown,
809,810,Zakaah Jewels,
810,811,Vinnis,
811,812,Womens Trendz,
812,813,Aaradhi,
813,814,Lovehome,
814,815,A Bit of Me,
815,816,WonderChef,
816,817,Village Handicrafts,
817,818,YugshaJewels,
818,819,Adorelabel,
819,820,Addons,
820,821,Aaishwarya,
821,822,Pearl Berry,
822,823,King International,
823,824,Visaga,
824,825,Volaliva,
825,826,Wow,
826,827,Aahana Creations,
827,828,Twella Creations,
828,829,3D Mat,
829,830,Vijisan,
830,831,Villcart,
831,832,Seema's Craft Creation,
832,833,Unravel India,
833,834,Giftmania,
834,835,Saum Creation,
835,836,Urthn,
836,837,Trinklets,
837,838,Vastradi,
838,839,Zephyrr,
839,840,VR Designers,
840,841,RoyalsCart,
841,842,99HomeMart,
842,843,Aakshi,
843,844,Advika,
844,845,Uma,
845,846,Vinayak,
846,847,X Gold India,
847,848,Apex,
848,849,Aara Arts,
849,850,TSG Yuth,
850,851,Blue Dot,
851,852,Uncommon Stuffs,
852,853,Miracle Furnishings,
853,854,Seven Seas,
854,855,Wink,
855,856,Affinity Jewellers,
856,857,Jhondeal.com,
857,858,Vs International,
858,859,Kraftnation,
859,860,URY,
860,861,Adwitiya Collection,
861,862,Agromech,
862,863,Marwal,
863,864,Adimani,
864,865,Zaisch,
865,866,Veinice,
866,867,SignKraft,
867,868,Ruchikainternational,
868,869,Stylla,
869,870,Zaveri Pearls,
870,871,A M International,
871,872,Malhar,
872,873,Zovon,
873,874,Hommate,
874,875,Seema'S Craft Creation,
875,876,Ndura,
876,877,Atc,
877,878,The Ethnic Story,
878,879,Pindia,
879,880,JSM,
880,881,Vizio,
881,882,OK,
882,883,Krown,
883,884,Dailyware,
884,885,Celebrity,
885,886,Aeoss,
886,887,Smart Power,
887,888,Udhayam,
888,889,Baltra,
889,890,Amzer,
890,891,Femina,
891,892,Metallino,
892,893,Regan,
893,894,Amaze Mobile,
894,895,Smiledrive,
895,896,Total Furnishing,
896,897,Wowww,
897,898,Vibrandz,
898,899,Bright Home Appliances,
899,900,Urdiva Fashions,
900,901,CookAid,
901,902,Tosiba,
902,903,Gear X,
903,904,Kosher,
904,905,Hawkins,
905,906,Recon,
906,907,Pigeon,
907,908,Vaishali Bindi and Bangles,
908,909,Ambitione,
909,910,Star Metal,
910,911,Gaoyitech,
911,912,Nanson,
912,913,Black Diamond,
913,914,Indian Art Villa,
914,915,Bestech,
915,916,Vamtek,
916,917,Suruchi,
917,918,Importwala,
918,919,4D Mats,
919,920,ruchiworld,
920,921,Bergner,
921,922,Sygtech,
922,923,Ahuja,
923,924,Kalash,
924,925,Neopack,
925,926,Swethamber Arts,
926,927,Vtc,
927,928,Maple,
928,929,Fly,
929,930,Easy,
930,931,Disney,
931,932,Peacock,
932,933,Ziveg,
933,934,Leo Natura,
934,935,Vaartha,
935,936,Sumeet,
936,937,Shopaholic,
937,938,Bull's Eye,
938,939,TRUE,
939,940,OBS,
940,941,Pebbleyard,
941,942,Black Stallion,
942,943,Chefkraft,
943,944,Orientel,
944,945,World-Star,
945,946,Capdase,
946,947,Alda,
947,948,Murtiwala,
948,949,Needhi,
949,950,Wingold,
950,951,The Crafts House,
951,952,Jaipan,
952,953,i-Static,
953,954,Egrips,
954,955,Fonokase,
955,956,Fiesta,
956,957,Willmore,
957,958,Prestige,
958,959,United,
959,960,Anupam,
960,961,Nirlon,
961,962,Lodge,
962,963,Jaypee Kukeezi,
963,964,Total Agency,
964,965,Softarts,
965,966,Knox,
966,967,Autosun,
967,968,DakshCraft,
968,969,Pristine,
969,970,FLY,
970,971,Woodino Handicrafts,
971,972,R S Jewels,
972,973,Vision,
973,974,Unique Handicrafts,
974,975,Shubh,
975,976,Glamor,
976,977,OTC,
977,978,Sahara Q Shop,
978,979,Bracketron,
979,980,Mom Italy,
980,981,Trinity,
981,982,Mahalaxmi,
982,983,Kumkum,
983,984,Jazam,
984,985,Mavi,
985,986,Magnusdeal,
986,987,Jk Vallabhdas,
987,988,Supreme Cookwares,
988,989,Style Buy Style,
989,990,Flat n Heels,
990,991,Funku Fashion,
991,992,Katalogue,
992,993,Desire,
993,994,Ocean,
994,995,Adorn,
995,996,craftland,
996,997,Sitaram,
997,998,Services Junction,
998,999,Kanvas,
999,1000,DICE,
1000,1001,Italian Fashion,
1001,1002,ZAIRE,
1002,1003,ANASAZI,
1003,1004,Four Paws,
1004,1005,Pittsburgh Polo Club,
1005,1006,Autoplus,
1006,1007,palito,
1007,1008,Satovira,
1008,1009,Omen,
1009,1010,Wajbee,
1010,1011,Carlos,
1011,1012,Texus,
1012,1013,Adino,
1013,1014,AutoGarh,
1014,1015,ESIDON,
1015,1016,Griiham,
1016,1017,Unique Collections,
1017,1018,Wisdom,
1018,1019,Big Mike s,
1019,1020,Saihan,
1020,1021,Lavie,
1021,1022,Mi Dulce An'ya,
1022,1023,Bhavya,
1023,1024,Kute Kids,
1024,1025,Invaders,
1025,1026,S Class,
1026,1027,MYRA,
1027,1028,cherry crumble california,
1028,1029,FATEN,
1029,1030,Yves Bertelin,
1030,1031,Allen Solly,
1031,1032,Peppermint Blues,
1032,1033,V9,
1033,1034,Metro Moulding Industries,
1034,1035,PIEXIM,
1035,1036,Dreamshomes,
1036,1037,Next Player,
1037,1038,Fotodiox Inc.,
1038,1039,Style World,
1039,1040,Kandyfloss,
1040,1041,Tryfa,
1041,1042,Status Quo,
1042,1043,YOA,
1043,1044,Tucasa,
1044,1045,Valentine,
1045,1046,Brahmz,
1046,1047,NAVISHA,
1047,1048,Via Italia,
1048,1049,REAL,
1049,1050,Yashasvi,
1050,1051,MKB,
1051,1052,Toddla,
1052,1053,Baby Moshai,
1053,1054,My Little Lambs,
1054,1055,Snuggles,
1055,1056,Haier,
1056,1057,Fame16,
1057,1058,arnavs,
1058,1059,Technotech,
1059,1060,Twin Twine,
1060,1061,Yoshana,
1061,1062,I Ball,
1062,1063,Globe,
1063,1064,Maniac,
1064,1065,Abstract Mood,
1065,1066,Prrem's,
1066,1067,Oriflame,
1067,1068,Mustard,
1068,1069,FTCBAZAR,
1069,1070,Koolkids,
1070,1071,Romano,
1071,1072,chetan,
1072,1073,JayEnterprise,
1073,1074,Denim 86,
1074,1075,youniqueshop,
1075,1076,SAVON,
1076,1077,Being Trendy,
1077,1078,Tech Yug,
1078,1079,Hangrr,
1079,1080,FAB-FLASH,
1080,1081,Maveric,
1081,1082,Singh Xpress,
1082,1083,Brahaan BLUE TAG,
1083,1084,Ezone,
1084,1085,Purple Nasty,
1085,1086,The Design Factory,
1086,1087,Tatkim,
1087,1088,Richard Cole,
1088,1089,Livastar,
1089,1090,Cotton World,
1090,1091,Craftuno,
1091,1092,Itzmyfashion,
1092,1093,Desert Eshop,
1093,1094,Jewelina Gems,
1094,1095,Imitzworld,
1095,1096,Fayon,
1096,1097,Charu Fashionz,
1097,1098,Elephant,
1098,1099,GoldNera,
1099,1100,Fash Blush,
1100,1101,Hotpiper,
1101,1102,Samriddhivastu,
1102,1103,Dhrohar,
1103,1104,Falconoverseas,
1104,1105,LAMS,
1105,1106,FashBlush,
1106,1107,Chinhhari Arts,
1107,1108,Informatix,
1108,1109,Vedic Vaani,
1109,1110,GCMR,
1110,1111,Harp,
1111,1112,Fab Fashion,
1112,1113,IESD,
1113,1114,Diti Enterprises,
1114,1115,ETTI,
1115,1116,Estella Fashion,
1116,1117,Nihar,
1117,1118,Jadoo Collections,
1118,1119,Jewel Paradise,
1119,1120,Jewelnation,
1120,1121,SUNVI,
1121,1122,Indian Fashion Guru,
1122,1123,DressBerry,
1123,1124,Homedesires,
1124,1125,Jewelizer,
1125,1126,Pg handicrafts,
1126,1127,Alpana Arts,
1127,1128,Fashionzaadi,
1128,1129,Intel,
1129,1130,Fashion Jewellery,
1130,1131,Gulshan Arts Crafts,
1131,1132,Lekue,
1132,1133,Diovanni,
1133,1134,Homefoster,
1134,1135,Gia,
1135,1136,Fashblush,
1136,1137,Gadget-Wagon,
1137,1138,Apkamart,
1138,1139,JaipurCrafts,
1139,1140,IndianShelf,
1140,1141,Divine Forever,
1141,1142,UFC Mart,
1142,1143,Frontech,
1143,1144,JEWELIZER,
1144,1145,Infinity India,
1145,1146,Jaipur Couture,
1146,1147,Fabulloso,
1147,1148,Hi Look,
1148,1149,Ark Creation,
1149,1150,Urban Monk Creations,
1150,1151,Hand to Hearts,
1151,1152,Jack Martin,
1152,1153,Ethnochic,
1153,1154,Giftwallas,
1154,1155,Hedoneesta,
1155,1156,Gurjari,
1156,1157,Indian Charm,
1157,1158,Junk,
1158,1159,DSC,
1159,1160,Jewel Touch,
1160,1161,Invogue Art,
1161,1162,Leoxsys,
1162,1163,Hawai,
1163,1164,Jocular,
1164,1165,Engross,
1165,1166,Fashion Pitaraa,
1166,1167,Netgear,
1167,1168,Merlin,
1168,1169,Tenda,
1169,1170,Linksys,
1170,1171,MK,
1171,1172,Di Classe,
1172,1173,Intex,
1173,1174,Ickor,
1174,1175,Modx,
1175,1176,Flirtchick,
1176,1177,Asus,
1177,1178,Ubiquiti,
1178,1179,Ela,
1179,1180,JewelsWonder,
1180,1181,TP-LINK,
1181,1182,Belkin,
1182,1183,Jainx,
1183,1184,Friendz,
1184,1185,Juhi Malhotra,
1185,1186,Imagine Products,
1186,1187,Apple,
1187,1188,Jiya Fashion Pretties,
1188,1189,Huawei,
1189,1190,Jocalia,
1190,1191,Gajraula Crafts,
1191,1192,iSweven,
1192,1193,TRENDnet,
1193,1194,Zoook,
1194,1195,Gene Shoppiee,
1195,1196,Reins,
1196,1197,Schneider,
1197,1198,Imli Street,
1198,1199,Edimax,
1199,1200,imitzworld,
1200,1201,Fashion Era,
1201,1202,Zyxel,
1202,1203,iBall,
1203,1204,Fns,
1204,1205,Etti,
1205,1206,Binatone,
1206,1207,Fashionera,
1207,1208,Netis,
1208,1209,Indsights,
1209,1210,TP-Link,
1210,1211,Imit Jewel,
1211,1212,Gungun,
1212,1213,Greek Sojourn,
1213,1214,Havells,
1214,1215,Foxy Trend,
1215,1216,Jewelsindia,
1216,1217,WD,
1217,1218,InvogueArt,
1218,1219,Fashion Today,
1219,1220,Tp-Link,
1220,1221,Divaz,
1221,1222,Legrand,
1222,1223,GIA,
1223,1224,Envoy,
1224,1225,Lava,
1225,1226,Gemstone Pioneer,
1226,1227,tp-Link,
1227,1228,Exotica,
1228,1229,ABB,
1229,1230,Comfast,
1230,1231,Golden Petals,
1231,1232,Harini,
1232,1233,Fashavi,
1233,1234,Jovifashion,
1234,1235,Onnet,
1235,1236,ISUN,
1236,1237,Laploma,
1237,1238,Indian Heritage,
1238,1239,Setu Infocom,
1239,1240,Feelinwow,
1240,1241,SMC,
1241,1242,Viral Shopping,
1242,1243,JOVIFashion,
1243,1244,Glitz,
1244,1245,Vodafone,
1245,1246,Freshme Fashion Jewellery,
1246,1247,Fashionography,
1247,1248,Cubetek,
1248,1249,Golden Peacock,
1249,1250,Npplastics,
1250,1251,Ganapathy Gems,
1251,1252,Iball,
1252,1253,Wi-Bridge,
1253,1254,Jewelove,
1254,1255,Indian Swan,
1255,1256,FemNmas,
1256,1257,Toto Link,
1257,1258,iZOTRON,
1258,1259,ASUS,
1259,1260,Dress Villa,
1260,1261,Jewellerywale,
1261,1262,Ditya,
1262,1263,Golden Collections,
1263,1264,DesiPanache,
1264,1265,DressVilla,
1265,1266,Airtel,
1266,1267,Progear,
1267,1268,Decron Jewels,
1268,1269,D-LINK,
1269,1270,Itz About U,
1270,1271,Espoir,
1271,1272,Digisol,
1272,1273,Avita,
1273,1274,Image Fashion,
1274,1275,GadgetGuru,
1275,1276,IDesign,
1276,1277,GUNJAN,
1277,1278,SKC,
1278,1279,Jewels Guru,
1279,1280,Beetel,
1280,1281,Fashionite,
1281,1282,Amantran Jewels,
1282,1283,ARISE,
1283,1284,Welwear,
1284,1285,Clear Face,
1285,1286,Saar,
1286,1287,YGS,
1287,1288,Crocslite,
1288,1289,Pari & Prince,
1289,1290,Hustler,
1290,1291,Majik,
1291,1292,CUBA,
1292,1293,Packy Poda,
1293,1294,Laadli Boutique,
1294,1295,D'steek,
1295,1296,Zingalalaa,
1296,1297,Laadli Bouitique,
1297,1298,Very Me,
1298,1299,Playhood,
1299,1300,BASRA,
1300,1301,Smart Choice Furniture,
1301,1302,Aasaan,
1302,1303,OceaN,
1303,1304,Reebok,
1304,1305,Mayor,
1305,1306,Amardeep,
1306,1307,Smartpro,
1307,1308,Uptownie Lite,
1308,1309,Limerence,
1309,1310,Gifts By Meeta,
1310,1311,Graco,
1311,1312,ZeroKaata,
1312,1313,Nova,
1313,1314,Anmol,
1314,1315,SAF,
1315,1316,SUNPLEON,
1316,1317,Think3,
1317,1318,Fashion18,
1318,1319,Awesome,
1319,1320,ocean,
1320,1321,Clovia,
1321,1322,Pantof,
1322,1323,Reiki Crystal Products,
1323,1324,AROVI,
1324,1325,Wise Pebble,
1325,1326,Janhvi,
1326,1327,Titli,
1327,1328,Sonilex,
1328,1329,Hadwin,
1329,1330,Akin,
1330,1331,DeStudio,
1331,1332,franco,
1332,1333,Shaun,
1333,1334,Capeshoppers,
1334,1335,HomeEdge,
1335,1336,Budding Bees,
1336,1337,o.h.m,
1337,1338,Hubberholme,
1338,1339,Men Style,
1339,1340,ZOSIGN,
1340,1341,FAUSTO,
1341,1342,Be You,
1342,1343,Saamarth Impex,
1343,1344,Zrestha,
1344,1345,H D ENTERPRISE,
1345,1346,Magideal,
1346,1347,LUX,
1347,1348,R-Lon,
1348,1349,JewelKraft Designs,
1349,1350,Power Smart,
1350,1351,ISHWA,
1351,1352,Baby Bucket,
1352,1353,PALSUN WEARS,
1353,1354,TERATONIC,
1354,1355,NAMS,
1355,1356,Rute,
1356,1357,Boreal,
1357,1358,Lab No. 4,
1358,1359,G Fashion,
1359,1360,kits kart,
1360,1361,Ankita,
1361,1362,sovam,
1362,1363,Accessoreez,
1363,1364,saubhagyawatifashions,
1364,1365,KHUSHI HANDICRAFTS,
1365,1366,HealthMax,
1366,1367,Tidy,
1367,1368,Miway,
1368,1369,Fabiya,
1369,1370,Imago,
1370,1371,GENERIC,
1371,1372,Bio Kid,
1372,1373,totalcare Expert,
1373,1374,Lexel,
1374,1375,Aurelia,
1375,1376,Besto,
1376,1377,SYL,
1377,1378,Generix,
1378,1379,mobiworld4u,
1379,1380,asa products,
1380,1381,Asavari world,
1381,1382,Hako,
1382,1383,Silver Kartz,
1383,1384,Cobb,
1384,1385,Style HD,
1385,1386,JBC Collection,
1386,1387,Little Frog,
1387,1388,Pepe Jeans,
1388,1389,Mikado,
1389,1390,Damemoda,
1390,1391,SG,
1391,1392,Ravetech,
1392,1393,HH,
1393,1394,CLYMB,
1394,1395,Columbus,
1395,1396,Autokartindia,
1396,1397,Look-Kool,
1397,1398,Spinn,
1398,1399,Aligatorr,
1399,1400,WOAP,
1400,1401,Chambor,
1401,1402,3kFactory,
1402,1403,Bajya,
1403,1404,Pawtec,
1404,1405,Point Fit,
1405,1406,Saba Garments,
1406,1407,Value Bay,
1407,1408,Pack N Buy,
1408,1409,Cm Treder,
1409,1410,Imlee,
1410,1411,CEAT,
1411,1412,HIMMLISCH,
1412,1413,D'Panache,
1413,1414,Blue Button,
1414,1415,Upside Down,
1415,1416,Teddy's choice,
1416,1417,Lushomes,
1417,1418,BEcom,
1418,1419,Emartbuy,
1419,1420,Varun,
1420,1421,Dyna,
1421,1422,Ultra,
1422,1423,Bed & Bath,
1423,1424,Grafion,
1424,1425,Peepal Comm,
1425,1426,Storite,
1426,1427,eGizmos,
1427,1428,Divinit,
1428,1429,KoldFire,
1429,1430,Forty Creek,
1430,1431,Scalabedding,
1431,1432,SRP Linen,
1432,1433,Cello,
1433,1434,Maharaja Whiteline,
1434,1435,Fastway,
1435,1436,Zari Boxes,
1436,1437,Ethnic Rajasthan,
1437,1438,Mickey And Friends,
1438,1439,Dhiyaa Traders,
1439,1440,Surprise Gifts,
1440,1441,JBN Creation,
1441,1442,snjmart,
1442,1443,Manjaree,
1443,1444,RJ,
1444,1445,Favourite BikerZ,
1445,1446,Sound Logic,
1446,1447,Ace,
1447,1448,LIFE LIKE,
1448,1449,NOQNOQ,
1449,1450,Toy Balloon Kids,
1450,1451,Aria,
1451,1452,RosesNRibbons,
1452,1453,Adiva,
1453,1454,VASTUGHAR,
1454,1455,Cutecumber,
1455,1456,INAYA,
1456,1457,Dhhan,
1457,1458,Audeze,
1458,1459,Dynex,
1459,1460,Shop Swipe,
1460,1461,Quenell,
1461,1462,Jack & Jones,
1462,1463,Aarika,
1463,1464,SINGHAM,
1464,1465,SAARAH,
1465,1466,A A STORE,
1466,1467,Ruby,
1467,1468,Flair,
1468,1469,NELL,
1469,1470,Schwarzkopf,
1470,1471,Cello Furniture,
1471,1472,Takspin,
1472,1473,Birdy,
1473,1474,THINK3,
1474,1475,Swag India,
1475,1476,Retaaz,
1476,1477,HP,
1477,1478,Sanaa Creations,
1478,1479,GRSTECH,
1479,1480,Radius,
1480,1481,Be 13,
1481,1482,WRITEFLO,
1482,1483,Naxa Electronics,
1483,1484,PANIT,
1484,1485,TIGI BED HEAD,
1485,1486,CrayonFlakes,
1486,1487,Pumpkin Patch,
1487,1488,L Oreal,
1488,1489,Clairol,
1489,1490,Amit Carpet,
1490,1491,Eurotex,
1491,1492,vatika,
1492,1493,Matrix,
1493,1494,Spin Master,
1494,1495,King Traders,
1495,1496,Garnier,
1496,1497,Fs Mini Klub,
1497,1498,Chokree,
1498,1499,Amirich,
1499,1500,Pioneer International,
1500,1501,Bells and Whistles,
1501,1502,Magneto,
1502,1503,Famaya,
1503,1504,Feminin,
1504,1505,AJ Dezines,
1505,1506,KHI,
1506,1507,E'Hiose,
1507,1508,Smart Picks,
1508,1509,Shop4everything,
1509,1510,United Colors of Benetton,
1510,1511,Tomafo,
1511,1512,beebay,
1512,1513,The House of Tara,
1513,1514,Shop & Shoppee,
1514,1515,Harissons,
1515,1516,Clazz,
1516,1517,ABSTAR,
1517,1518,V-GRIP,
1518,1519,WEIDELI,
1519,1520,crompton,
1520,1521,GoMerryKids,
1521,1522,U United,
1522,1523,SVVM,
1523,1524,Legato,
1524,1525,TeeSort,
1525,1526,Crompton,
1526,1527,Hoffrichter,
1527,1528,Fun Box,
1528,1529,Right,
1529,1530,narayan export,
1530,1531,urban monk creations,
1531,1532,At Ur Door,
1532,1533,Tks,
1533,1534,Himalayan Sutra,
1534,1535,LAADLI JI,
1535,1536,Vetra,
1536,1537,Tootpado,
1537,1538,TREO,
1538,1539,Khadi Herbal,
1539,1540,Accore,
1540,1541,OGX,
1541,1542,giftsthatwow,
1542,1543,EZRA,
1543,1544,Allin Exporters,
1544,1545,Emagica,
1545,1546,MICROi,
1546,1547,Pasabahce,
1547,1548,Loreal Paris,
1548,1549,Art n Beyond,
1549,1550,Mad(e) in India,
1550,1551,CLASSY,
1551,1552,ORIFLAME SWEDEN,
1552,1553,Cotonex,
1553,1554,GAGA,
1554,1555,Cayman,
1555,1556,Nineteen,
1556,1557,IndiWeaves,
1557,1558,Monmione,
1558,1559,Marami,
1559,1560,Stallion Barware,
1560,1561,Cinderella,
1561,1562,Easy Gardening,
1562,1563,Blessed,
1563,1564,Yuccabe Italia,
1564,1565,Suntree,
1565,1566,Minerva Naturals,
1566,1567,Joy Living,
1567,1568,Super Drool,
1568,1569,Toygully,
1569,1570,Rk,
1570,1571,Pyramid Cocopeat,
1571,1572,ShellysTrends,
1572,1573,Deziworkz,
1573,1574,VGreen,
1574,1575,Sutra Decor,
1575,1576,Kraft Seeds,
1576,1577,Green Girgit,
1577,1578,First Smart Deal,
1578,1579,Agricart,
1579,1580,Scomp,
1580,1581,Natures Plus,
1581,1582,Divine Tree,
1582,1583,Martha,
1583,1584,Shreewardhan Decor,
1584,1585,Lapguard,
1585,1586,Height Of Designs,
1586,1587,Storm,
1587,1588,Real Seed,
1588,1589,Rega IT,
1589,1590,Exilient,
1590,1591,Clublaptop,
1591,1592,Radongrow,
1592,1593,Wonderland,
1593,1594,The Yellow Door,
1594,1595,ARB,
1595,1596,DGB,
1596,1597,Atlantic,
1597,1598,Cambio,
1598,1599,Amscan,
1599,1600,Color Palatte,
1600,1601,Craftghar,
1601,1602,Nelesa Gardening,
1602,1603,4D,
1603,1604,Krupex,
1604,1605,E-plant,
1605,1606,Minervanaturals,
1606,1607,Concorde,
1607,1608,Inspired Livingg,
1608,1609,Mennenni Life Sciences,
1609,1610,RCE,
1610,1611,Autopot,
1611,1612,KKD,
1612,1613,Pepup,
1613,1614,Vgreen,
1614,1615,Hkge,
1615,1616,Aadi,
1616,1617,RIPR,
1617,1618,Olvin,
1618,1619,piftif,
1619,1620,People,
1620,1621,SAY,
1621,1622,NEWGEN TECH,
1622,1623,run of luck,
1623,1624,killys,
1624,1625,Dilan Jewels,
1625,1626,HANS,
1626,1627,Rugby,
1627,1628,Chickraft,
1628,1629,Firangi,
1629,1630,Metro Sports,
1630,1631,Zidane,
1631,1632,Viral Girl,
1632,1633,Pout,
1633,1634,Shopfloor.XYZ,
1634,1635,TSG Breeze,
1635,1636,Body Balance,
1636,1637,Skywalk,
1637,1638,Blinkin,
1638,1639,e-Fresh,
1639,1640,Qline,
1640,1641,SLS,
1641,1642,Palakz,
1642,1643,Yellow Pingo,
1643,1644,Naughty Ninos,
1644,1645,Penny jewels,
1645,1646,Flipside,
1646,1647,Naaz,
1647,1648,EGON,
1648,1649,Siyas Collection,
1649,1650,SDZ,
1650,1651,Furnishing Zone,
1651,1652,REMSON INDIA,
1652,1653,INDILEGO,
1653,1654,Hitobito,
1654,1655,Woly,
1655,1656,METMO,
1656,1657,Colour Me Mad,
1657,1658,Evana,
1658,1659,LRB,
1659,1660,Sonpra,
1660,1661,DOCOSS,
1661,1662,INDOART,
1662,1663,Impala,
1663,1664,Moladz,
1664,1665,Twin,
1665,1666,classyworld,
1666,1667,Ritco,
1667,1668,Ruhi's Creations,
1668,1669,DOLZ,
1669,1670,My Lil' Berry,
1670,1671,Urban Girl,
1671,1672,Nivea,
1672,1673,Fisher-Price,
1673,1674,PEDI SPIN,
1674,1675,ELLE,
1675,1676,Black & Decker,
1676,1677,MIRICHI,
1677,1678,Babyoye Premium,
1678,1679,Arcley,
1679,1680,NESTWELL,
1680,1681,Foot Candy,
1681,1682,Decore Sources,
1682,1683,Wadhwa creations,
1683,1684,Miracle Retail,
1684,1685,Mayursflora,
1685,1686,Smart Shophar,
1686,1687,Subh-Akriti,
1687,1688,TAKE CARE,
1688,1689,Raaisin,
1689,1690,CarMobCentral,
1690,1691,V Creations,
1691,1692,TPH Covers,
1692,1693,kea,
1693,1694,nayasa,
1694,1695,LITTLE FEETZ,
1695,1696,TSG Escape,
1696,1697,His & Her,
1697,1698,Poetry Accessories,
1698,1699,Shashvat Jewels,
1699,1700,i-KitPit,
1700,1701,Kaizer Jewelry,
1701,1702,Ciemme,
1702,1703,BMS Lifestyle,
1703,1704,Royal Diamond Jewellery,
1704,1705,Alluring,
1705,1706,ALLURING,
1706,1707,Sparkle Street,
1707,1708,Vivre Jewels,
1708,1709,GB Jewellery,
1709,1710,Eldora,
1710,1711,Sifty Collection,
1711,1712,OOBINNO,
1712,1713,TwiQ S.A. Garments,
1713,1714,Athena,
1714,1715,CarReflection,
1715,1716,Royal Enfield,
1716,1717,INDIRANG,
1717,1718,Transtal,
1718,1719,Embellish outfits,
1719,1720,ADDICTION,
1720,1721,MAC,
1721,1722,SHANY,
1722,1723,Sushito,
1723,1724,R&Mshoppee,
1724,1725,E.L.F,
1725,1726,Fellowes,
1726,1727,Shaftesbury London,
1727,1728,Stylenara,
1728,1729,posterchacha,
1729,1730,Handiana,
1730,1731,Newgen Tech,
1731,1732,Scion,
1732,1733,misshruts,
1733,1734,NITGEN,
1734,1735,Buyer's Beach,
1735,1736,rainfun,
1736,1737,Curren Nx,
1737,1738,Fuschia,
1738,1739,YELLOW,
1739,1740,Nude,
1740,1741,AutoKraftZ,
1741,1742,Silco,
1742,1743,GREY,
1743,1744,Smart Fit,
1744,1745,Park Avenue,
1745,1746,White and Blue,
1746,1747,Steel,
1747,1748,Sterling,
1748,1749,NILE BLUE,
1749,1750,Aqua,
1750,1751,Dark Skinny,
1751,1752,Deep Maroon,
1752,1753,Turquoise,
1753,1754,Hot Pink,
1754,1755,Buynow,
1755,1756,Protector,
1756,1757,Goodkarma,
1757,1758,Polkakart,
1758,1759,Marc N' Park,
1759,1760,Clear Shield,
1760,1761,TRINK,
1761,1762,Ebry,
1762,1763,Polyfibre,
1763,1764,Soulful Threads,
1764,1765,Celebration Mart,
1765,1766,Swiss Beauty,
1766,1767,Pavino,
1767,1768,MTB,
1768,1769,Krazy Fitness,
1769,1770,Kemei,
1770,1771,DENIM CAFE,
1771,1772,Flying Port,
1772,1773,Zombom,
1773,1774,Hoffmen,
1774,1775,Heart 2 Heart,
1775,1776,Ole Baby,
1776,1777,LUMENPULSE,
1777,1778,Mazda Energy,
1778,1779,John Players,
1779,1780,vinaya,
1780,1781,Adishma,
1781,1782,Happy walls,
1782,1783,Menow,
1783,1784,Blue Heaven,
1784,1785,Rrsskids,
1785,1786,La Shades,
1786,1787,GISOLE,
1787,1788,Style Homez,
1788,1789,NOMADIC,
1789,1790,Ddreamz,
1790,1791,Anti Gravity,
1791,1792,Clever Steps,
1792,1793,Pure Play,
1793,1794,Gato,
1794,1795,Sparx,
1795,1796,Red Chief,
1796,1797,Njoy,
1797,1798,Ally The Creations,
1798,1799,Cheeky Chompers,
1799,1800,Taraash,
1800,1801,Lolprint,
1801,1802,SHOPOJ,
1802,1803,KALYANI COVERING,
1803,1804,Piyo Piyo,
1804,1805,Chipmunk,
1805,1806,reenak,
1806,1807,Rossini,
1807,1808,s2s,
1808,1809,SWARN,
1809,1810,eKolhapuri,
1810,1811,keco,
1811,1812,Magic,
1812,1813,Do Bhai,
1813,1814,ab posters,
1814,1815,Hariom enterprises,
1815,1816,Reyes Reales,
1816,1817,Clareo,
1817,1818,Innovative,
1818,1819,NAISHA,
1819,1820,JJ JONEX,
1820,1821,MODWARE,
1821,1822,FAB FASHION,
1822,1823,Oral Care,
1823,1824,Theme United,
1824,1825,Shreya Collection,
1825,1826,Sunvalley,
1826,1827,Atithi,
1827,1828,PINK FEVER,
1828,1829,Paranoid,
1829,1830,Funcart,
1830,1831,Ophion,
1831,1832,LUCINA,
1832,1833,Tech Gear,
1833,1834,Kothari,
1834,1835,My DT Lifestyle,
1835,1836,PurePlay,
1836,1837,SAE FASHIONS,
1837,1838,Cotts Hub,
1838,1839,Trendy Girls,
1839,1840,Pogo,
1840,1841,Pokizo,
1841,1842,Indianbeauty,
1842,1843,Mahek Saree,
1843,1844,Titrit,
1844,1845,Young Birds,
1845,1846,Urban Diseno,
1846,1847,Vipul Saree,
1847,1848,BOMBAY VELVAT FAB,
1848,1849,walletsnbags,
1849,1850,Kazo,
1850,1851,chota packet,
1851,1852,Monte Carlo,
1852,1853,Rdx,
1853,1854,Vedant Lifestyle,
1854,1855,Spink,
1855,1856,You Got Plan B,
1856,1857,KID'S STOP,
1857,1858,LATHERO,
1858,1859,V3iShop,
1859,1860,Download Apparel,
1860,1861,Broche,
1861,1862,YELLOW CHIMES,
1862,1863,Ashdan,
1863,1864,AUTOSiTY,
1864,1865,L'appel Du vide,
1865,1866,Johnson's Baby,
1866,1867,Sheetal,
1867,1868,Nature Gold,
1868,1869,Sona,
1869,1870,Zero,
1870,1871,BM BELMONTE,
1871,1872,Kanvin,
1872,1873,MARVEL,
1873,1874,DISNEY,
1874,1875,Oxolloxo,
1875,1876,Total,
1876,1877,STERN,
1877,1878,CPEX,
1878,1879,Car vastra,
1879,1880,Gravolite,
1880,1881,CALTRIX,
1881,1882,PURBI CRAFTS,
1882,1883,zasmina,
1883,1884,ShopSince,
1884,1885,Metmo,
1885,1886,Boss,
1886,1887,Wayona,
1887,1888,codio World,
1888,1889,Triumph,
1889,1890,Home Fashion Gallery,
1890,1891,Quiksilver,
1891,1892,Ville Style,
1892,1893,Petto,
1893,1894,Vector X,
1894,1895,MeeMee,
1895,1896,Fab Nisa,
1896,1897,KANCHOO,
1897,1898,HUNYBUNI,
1898,1899,ABIDA,
1899,1900,Sarah,
1900,1901,Wonderchef,
1901,1902,Kushies baby,
1902,1903,Ivon,
1903,1904,My Look,
1904,1905,C9,
1905,1906,Go India Store,
1906,1907,Gee & Bee,
1907,1908,Yepme,
1908,1909,SHOPRIDER,
1909,1910,Wow!,
1910,1911,MIb,
1911,1912,CHOCOBERRY,
1912,1913,CLUB YORK,
1913,1914,Chipchop,
1914,1915,Jacadi Paris,
1915,1916,Kawachi,
1916,1917,Andrew Christian,
1917,1918,Tiny Toon,
1918,1919,Axcess,
1919,1920,Deepvan,
1920,1921,FIFO,
1921,1922,Mom & Me,
1922,1923,RIANZ,
1923,1924,Polaroid,
1924,1925,Geol,
1925,1926,Newdort,
1926,1927,Pollo,
1927,1928,Kozdiko,
1928,1929,Sunlast,
1929,1930,V&G Professional,
1930,1931,Little Kangaroos,
1931,1932,Lee Parke,
1932,1933,VASTRAM,
1933,1934,Shonaya,
1934,1935,aadi,
1935,1936,Tennis,
1936,1937,AapnoCrafts,
1937,1938,Tangerine,
1938,1939,Mentiezi,
1939,1940,Silver Shoppee,
1940,1941,next steps,
1941,1942,NammaBaby,
1942,1943,Quechua,
1943,1944,Outdazzle,
1944,1945,Samaa,
1945,1946,Ruvee,
1946,1947,Avaron Projekt,
1947,1948,B R TRADING,
1948,1949,Senterlan,
1949,1950,WI Retail,
1950,1951,Outgear,
1951,1952,Avaron projekt,
1952,1953,Fashion Point,
1953,1954,gurjari,
1954,1955,Wi Retail,
1955,1956,Max,
1956,1957,SENECIO,
1957,1958,ANAHI,
1958,1959,Variation,
1959,1960,Shihibas,
1960,1961,Thakkar,
1961,1962,612 League,
1962,1963,B-Fashionable,
1963,1964,Mivera,
1964,1965,Wildcraft,
1965,1966,sharp n style,
1966,1967,MYFAA,
1967,1968,Dimple Creation,
1968,1969,N Choice,
1969,1970,Mount Track,
1970,1971,Coleman,
1971,1972,adidas,
1972,1973,hbs saree pin,
1973,1974,Decot Paradise,
1974,1975,ZAIN,
1975,1976,jaisayram,
1976,1977,Good Night,
1977,1978,ROYAL ERADO,
1978,1979,Aavaya Fashion,
1979,1980,SATYA SITA,
1980,1981,Sonanjali,
1981,1982,RadadiyaTRD,
1982,1983,ROSHNI FASHIONS,
1983,1984,Pakiza Design,
1984,1985,Design Desk,
1985,1986,Shamrock,
1986,1987,NeedyBee,
1987,1988,Seals,
1988,1989,LUXANTRA,
1989,1990,Galexy Fashion,
1990,1991,Small Toes,
1991,1992,Unique Fashion,
1992,1993,Ovente,
1993,1994,OEM,
1994,1995,Glamour,
1995,1996,K&N,
1996,1997,Imagica,
1997,1998,Kook N Keech Disney,
1998,1999,Shopernow,
1999,2000,Barbar,
2000,2001,Fab Palace,
2001,2002,LAIBA,
2002,2003,C. O. Bigelow,
2003,2004,Apoxy,
2004,2005,Pulse Audio,
2005,2006,BaBylissPRO,
2006,2007,Conair,
2007,2008,RX7 Superlite,
2008,2009,REDMOMD,
2009,2010,Pro biker,
2010,2011,Daxter,
2011,2012,Krasiv,
2012,2013,Rusk,
2013,2014,Esteem,
2014,2015,Salon Tech,
2015,2016,Escan,
2016,2017,Sai Senorita,
2017,2018,Merchant eshop,
2018,2019,xpert,
2019,2020,Varmora,
2020,2021,Le Angelique,
2021,2022,Creez,
2022,2023,INEXT,
2023,2024,Robotel,
2024,2025,HNK,
2025,2026,Sutra Beauty,
2026,2027,Koie,
2027,2028,KLOCX,
2028,2029,Vitalwalls,
2029,2030,KalaSanthe,
2030,2031,Archi Collection,
2031,2032,NIKsales,
2032,2033,HomeeHub,
2033,2034,Akshyavat,
2034,2035,Marvel,
2035,2036,Favourite Bikerz,
2036,2037,Auto Wheel Garage,
2037,2038,American Diamond,
2038,2039,Clairefontaine,
2039,2040,Creative Width Decor,
2040,2041,Fresh From Loom,
2041,2042,SAG Technical Solutions,
2042,2043,Handloom Hut,
2043,2044,Syska Led Lights,
2044,2045,Eco Haat,
2045,2046,Chota Bheem,
2046,2047,MannMohh,
2047,2048,Rhythem Listers,
2048,2049,Xtreme,
2049,2050,TaraProjects,
2050,2051,Campap,
2051,2052,Bling,
2052,2053,Home Creations,
2053,2054,Handloomhub,
2054,2055,Fabutex,
2055,2056,casetech,
2056,2057,Elite Handicrafts,
2057,2058,ATC,
2058,2059,9blings,
2059,2060,The Intellect Bazaar,
2060,2061,APS,
2061,2062,Tradon,
2062,2063,JLRS,
2063,2064,Sapphire Diaries,
2064,2065,BornBabyKids,
2065,2066,BILLYS,
2066,2067,Treasure Trunk,
2067,2068,Piedpaper,
2068,2069,Vatsalya Creation,
2069,2070,Matrikas,
2070,2071,Galaxy Decorations,
2071,2072,Mama & Bebe,
2072,2073,Sukhson India,
2073,2074,Raghav India,
2074,2075,Send Rakhis to India,
2075,2076,umda,
2076,2077,Instapower,
2077,2078,Pearstone,
2078,2079,Store Indya,
2079,2080,Classique Designer Jewellery,
2080,2081,Filofax,
2081,2082,IFROGZ,
2082,2083,Hot Muggs,
2083,2084,Iwonder,
2084,2085,Big Balaji,
2085,2086,Philips,
2086,2087,Classmate,
2087,2088,Daycraft,
2088,2089,Swarnim Jewellers,
2089,2090,Durian,
2090,2091,Divine Gifts & Artificial Jewellery,
2091,2092,Sony,
2092,2093,Elan,
2093,2094,Hargunz,
2094,2095,ARRA,
2095,2096,Orkus,
2096,2097,Sunita Fashion,
2097,2098,Aarya 24kt,
2098,2099,Rajasthani emporium,
2099,2100,Bless,
2100,2101,Welhouse,
2101,2102,Karukraft,
2102,2103,Designwallas,
2103,2104,Type R,
2104,2105,SthriElite,
2105,2106,IPP,
2106,2107,Furhome,
2107,2108,Milky Way,
2108,2109,Easy4buy,
2109,2110,Elkoha,
2110,2111,Luigi Bormioli,
2111,2112,Ornate,
2112,2113,Jojo,
2113,2114,iCare,
2114,2115,Shrikant Traders,
2115,2116,Rainz Gold,
2116,2117,Tradeyard impex,
2117,2118,VRCT,
2118,2119,BabyBucket,
2119,2120,Being Women,
2120,2121,Anshul Fashion,
2121,2122,Utsavi,
2122,2123,Global Ganesha,
2123,2124,Blush Collections,
2124,2125,Minda Black Current,
2125,2126,Beora,
2126,2127,Bharat,
2127,2128,Uniross,
2128,2129,Camelion,
2129,2130,Tyfy,
2130,2131,Simoco,
2131,2132,Neyth,
2132,2133,AsiaCraft,
2133,2134,Ocean Free,
2134,2135,Amour,
2135,2136,Creativity Centre,
2136,2137,HomeTown,
2137,2138,Furnstyl,
2138,2139,Soy Impulse,
2139,2140,Orient,
2140,2141,Pico,
2141,2142,My Design,
2142,2143,The Jewelbox,
2143,2144,Solah Shringar,
2144,2145,Zeneme,
2145,2146,Kuhuk,
2146,2147,YouBella,
2147,2148,BAFNA GEMS & JEWELS,
2148,2149,Vglit,
2149,2150,Rubera,
2150,2151,Excellent4U,
2151,2152,Sanayacollection,
2152,2153,Pissara,
2153,2154,Anjan,
2154,2155,Muchmore,
2155,2156,Jewbang,
2156,2157,Finolex,
2157,2158,Finesse,
2158,2159,Eveready,
2159,2160,MOCC,
2160,2161,Rashmi,
2161,2162,Bosch,
2162,2163,Camy,
2163,2164,InstaNote,
2164,2165,Quartz,
2165,2166,Kolorfame,
2166,2167,Victor,
2167,2168,Tao Communications,
2168,2169,Infiniti,
2169,2170,Wallmantra,
2170,2171,Beautywear,
2171,2172,Jewelmantra,
2172,2173,Glam Accessories,
2173,2174,Nirvana,
2174,2175,Frazzer,
2175,2176,VESPL,
2176,2177,Pakshal Premium,
2177,2178,Skycandle.in,
2178,2179,Radhesh Creation,
2179,2180,RED HORSE,
2180,2181,RAJSAHI,
2181,2182,Kanha poshak,
2182,2183,SCANTIA,
2183,2184,Kalt,
2184,2185,SJ,
2185,2186,Aimedu Toy,
2186,2187,Panditnmshrimali,
2187,2188,Kiosha,
2188,2189,Relaxed,
2189,2190,HouseAttire,
2190,2191,Regular fit,
2191,2192,Sukkhi,
2192,2193,The Fancy Mart,
2193,2194,Charvee,
2194,2195,Tiara Gems,
2195,2196,Madhyam Art,
2196,2197,Bhavika,
2197,2198,Vedika Jewellery,
2198,2199,Luxor,
2199,2200,Viva Fashions,
2200,2201,Shining Diva,
2201,2202,The Pari,
2202,2203,Beingwomen,
2203,2204,Shivam,
2204,2205,Ethnic Jewels,
2205,2206,JANKI JEWELLERS,
2206,2207,Prisha Collections,
2207,2208,Vismay Creation,
2208,2209,Dapinc,
2209,2210,Paul Chains,
2210,2211,Nirosha,
2211,2212,Moonleaf,
2212,2213,Tradeyard Impex,
2213,2214,NJ,
2214,2215,Mrigya,
2215,2216,Realx Fit,
2216,2217,Plus,
2217,2218,Praniti,
2218,2219,regular,
2219,2220,HKJ,
2220,2221,Kalaai,
2221,2222,Aayat,
2222,2223,Casual,
2223,2224,Sharani,
2224,2225,Prisha,
2225,2226,Awari,
2226,2227,Amore,
2227,2228,Wecart,
2228,2229,Desirica,
2229,2230,Abqa Hydrabadi Bangle,
2230,2231,Comfort,
2231,2232,SG Creations,
2232,2233,Multiline Company,
2233,2234,Cocktail,
2234,2235,Comfortable Fit,
2235,2236,Normal Fit,
2236,2237,Aapti,
2237,2238,Blueberry,
2238,2239,University Trendz,
2239,2240,Smart Home Textile,
2240,2241,Fashion Fusion,
2241,2242,Imc Deals,
2242,2243,TOPQ,
2243,2244,Xupply,
2244,2245,khodal fashion,
2245,2246,Airwind,
2246,2247,fashion rudraksh,
2247,2248,Vgstore,
2248,2249,Enthopia,
2249,2250,Sapatos,
2250,2251,Jisha,
2251,2252,Advent Crafts,
2252,2253,Skys&Ray,
2253,2254,Hoko,
2254,2255,Aviiq,
2255,2256,Jaipur Raga,
2256,2257,Eureka,
2257,2258,JOY,
2258,2259,Diti Jewellery,
2259,2260,Smile2u Retailers,
2260,2261,MHK,
2261,2262,Sakshi Jewels,
2262,2263,Love Bright Jewelry,
2263,2264,Zotalic,
2264,2265,Bracevor,
2265,2266,Coco Bee,
2266,2267,Home Originals,
2267,2268,Jaipur Crafts,
2268,2269,Schick,
2269,2270,Fullcutdiamond,
2270,2271,RaSav Jewels,
2271,2272,MKJewellers,
2272,2273,Targus,
2273,2274,Eastman,
2274,2275,RajasthaniKart,
2275,2276,Rakam,
2276,2277,Golmaalshop,
2277,2278,Harshita,
2278,2279,Empire,
2279,2280,CDN,
2280,2281,Caratcents,
2281,2282,Lujo,
2282,2283,Justanned,
2283,2284,Ajay,
2284,2285,Ratnam,
2285,2286,Babyliss,
2286,2287,Theme Jewels,
2287,2288,OutMad,
2288,2289,U & ME,
2289,2290,TOTU DESIGN,
2290,2291,STM,
2291,2292,Arghyam,
2292,2293,Totu Design,
2293,2294,Ermani Export,
2294,2295,Fragrance Concoction,
2295,2296,X-Doria,
2296,2297,eCraftIndia,
2297,2298,Gunjan Diamond,
2298,2299,Remington,
2299,2300,Griptek,
2300,2301,DFR,
2301,2302,Shivani Art,
2302,2303,Rock,
2303,2304,MyKid,
2304,2305,PG Handicrafts,
2305,2306,WhiteGems,
2306,2307,HD Crafts,
2307,2308,Fashionvalley,
2308,2309,Airplus,
2309,2310,Maxel,
2310,2311,Story @ Home,
2311,2312,Aaditri28,
2312,2313,Ahha,
2313,2314,Pioneer Pragati,
2314,2315,Coddle,
2315,2316,FIFA,
2316,2317,Cazcase,
2317,2318,BMS,
2318,2319,Suranas Jewelove,
2319,2320,Eventz Gifts,
2320,2321,Bid4desire,
2321,2322,Pompom Sweethearts,
2322,2323,X Doria,
2323,2324,Pretty Women,
2324,2325,Riddhi Impex,
2325,2326,Dressmyphone,
2326,2327,Abhushan,
2327,2328,Caratify,
2328,2329,Reet,
2329,2330,SPANGLE,
2330,2331,Bms Lifestyle,
2331,2332,Jss Exports,
2332,2333,Rasianve,
2333,2334,Demira Jewels,
2334,2335,JBB,
2335,2336,JLT,
2336,2337,Amazing India,
2337,2338,Flazee Home Trends,
2338,2339,Craftartz,
2339,2340,HoA,
2340,2341,H-Cart,
2341,2342,SnowFox,
2342,2343,Jewelshingar,
2343,2344,Gift Studios,
2344,2345,Agaro,
2345,2346,Dicapac,
2346,2347,Sheetal Jewellery,
2347,2348,Craft Store India,
2348,2349,The Fine World,
2349,2350,Bajaj,
2350,2351,JEWEL FUEL,
2351,2352,Cottage,
2352,2353,MSC,
2353,2354,kamyaart,
2354,2355,BagsHub,
2355,2356,ALIFS,
2356,2357,SSM,
2357,2358,LefJord,
2358,2359,MSL,
2359,2360,Texlon,
2360,2361,AYESHA,
2361,2362,Sakhi Styles,
2362,2363,Shadowfax,
2363,2364,Nino Bambino,
2364,2365,King George V,
2365,2366,Zobello,
2366,2367,Canon,
2367,2368,Radhika's World of Crafts,
2368,2369,AntiqueShop,
2369,2370,GALLOWAY,
2370,2371,Britex,
2371,2372,StyloFashionGarments,
2372,2373,GINI & JONY,
2373,2374,Triveni,
2374,2375,ULTRAVISION,
2375,2376,brass gift center,
2376,2377,VINSON LONDON,
2377,2378,ColorPlus,
2378,2379,Aagam,
2379,2380,Spictex,
2380,2381,Footshez,
2381,2382,BAAJ,
2382,2383,TARAMA,
2383,2384,Artifa,
2384,2385,Neha,
2385,2386,Furncoms,
2386,2387,Ethnic Regalia,
2387,2388,Kakori,
2388,2389,Lavanaya,
2389,2390,Udaipur Art Gallery,
2390,2391,Aadishwar Creations,
2391,2392,1OAK,
2392,2393,Cotson,
2393,2394,Pavvoin,
2394,2395,KRAZY KATZ,
2395,2396,diwine jewels,
2396,2397,Synergy,
2397,2398,Ethiic,
2398,2399,SKOOKIE,
2399,2400,Pearl Paradise,
2400,2401,The V Collection,
2401,2402,Stanley,
2402,2403,Slim fit,
2403,2404,Tsquare,
2404,2405,R18Jewels-Fashion&U,
2405,2406,Pearlz Ocean,
2406,2407,Fida,
2407,2408,Rajasthan Crafts,
2408,2409,Earth Ro System,
2409,2410,GRJ India,
2410,2411,Babysid Collection,
2411,2412,Tuktuk,
2412,2413,Onlinemaniya,
2413,2414,Buy Clues,
2414,2415,Rajlaxmi,
2415,2416,Silver Prince,
2416,2417,SP Jewellery,
2417,2418,Peora,
2418,2419,Scrunchh,
2419,2420,Eclat,
2420,2421,Fashion Centre,
2421,2422,Offspring,
2422,2423,Nisa Pearls,
2423,2424,Babysid Collections,
2424,2425,Ireeya,
2425,2426,Carter'S,
2426,2427,My NewBorn,
2427,2428,OnlinePearlShop,
2428,2429,Nillkin,
2429,2430,You2Deal,
2430,2431,Scratchgard,
2431,2432,Digital Marketing,
2432,2433,Gadgetshieldz,
2433,2434,Krishna Pearls & Jewellers,
2434,2435,EZ Life,
2435,2436,Total Care,
2436,2437,FliFit,
2437,2438,Karpine,
2438,2439,Chevron,
2439,2440,Ortel,
2440,2441,Casotec,
2441,2442,Love Baby,
2442,2443,Sassoon,
2443,2444,Mark Home,
2444,2445,Mintha,
2445,2446,NEVI,
2446,2447,Deben & Hill,
2447,2448,Meenaz,
2448,2449,Ollington St. Collection,
2449,2450,Shree Bhawani Art Jewellery,
2450,2451,Maayin,
2451,2452,Abhooshan,
2452,2453,Saga,
2453,2454,Pilot,
2454,2455,Payalwala,
2455,2456,Swiss Charger,
2456,2457,Remax,
2457,2458,Avantree,
2458,2459,Ratnakar,
2459,2460,Uniball,
2460,2461,Young & Forever,
2461,2462,Suvarnadeep,
2462,2463,k~style,
2463,2464,Xenio,
2464,2465,Neutron,
2465,2466,Molife,
2466,2467,Devina Jewels,
2467,2468,Yuuup,
2468,2469,PrixCracker,
2469,2470,Vmax,
2470,2471,Surat Diamonds,
2471,2472,Techno TrendZ,
2472,2473,Magnifico,
2473,2474,Merastore,
2474,2475,Raydenhy,
2475,2476,Sparkling Drop,
2476,2477,Forever Carat,
2477,2478,Platignum,
2478,2479,Planet,
2479,2480,Heena Jewellery,
2480,2481,Standard Fit,
2481,2482,Treta,
2482,2483,JewelFox,
2483,2484,BESTSUIT,
2484,2485,Svype,
2485,2486,zaidis,
2486,2487,Gee Power,
2487,2488,Kamakshi Krafts,
2488,2489,TOMAFO,
2489,2490,RKDEAL,
2490,2491,Babytintin,
2491,2492,Nautica,
2492,2493,Jbn Creation,
2493,2494,Kishore Dresses,
2494,2495,Kabeer,
2495,2496,FTCBazar,
2496,2497,Jeet,
2497,2498,NIPPY,
2498,2499,RoyalOak,
2499,2500,Krishna Carpets,
2500,2501,SNE,
2501,2502,Sea Shell,
2502,2503,Shopgalore,
2503,2504,Acromax,
2504,2505,SWHF,
2505,2506,Shop24decor,
2506,2507,Shiv Shankar Handloom,
2507,2508,Trendy Home,
2508,2509,KazamaKraft,
2509,2510,D-ROCK,
2510,2511,iwill,
2511,2512,Shoe Day,
2512,2513,SayItLoud,
2513,2514,MINDITDADDY,
2514,2515,Creative Textiles,
2515,2516,LGC,
2516,2517,Petshop7,
2517,2518,Scrap Wood Birdhouse,
2518,2519,Saviour,
2519,2520,Glossy Blue,
2520,2521,JJC,
2521,2522,Lal Pet Products,
2522,2523,Omax,
2523,2524,Pet Club51,
2524,2525,meSleep,
2525,2526,Red / Chocolate,
2526,2527,Bow! Wow!!,
2527,2528,Flyfilms,
2528,2529,Jerry's,
2529,2530,Pink & Blue,
2530,2531,Spe,
2531,2532,StyBuzz,
2532,2533,Wall1ders,
2533,2534,Techone+,
2534,2535,Iconnect World,
2535,2536,Stuffcool,
2536,2537,Crystle,
2537,2538,Memore,
2538,2539,Speed,
2539,2540,SahiBUY,
2540,2541,Orico,
2541,2542,Bigkik,
2542,2543,Tapawire,
2543,2544,Amaze Fashion,
2544,2545,QP360,
2545,2546,Orcel,
2546,2547,zDelhi.com,
2547,2548,RRP,
2548,2549,Rolson,
2549,2550,Himtek,
2550,2551,KARP,
2551,2552,Link+,
2552,2553,ShadowFax,
2553,2554,Sitech,
2554,2555,KLIQVIK,
2555,2556,ShopFloor.XYZ,
2556,2557,Epresent,
2557,2558,Task Logistics,
2558,2559,LUV,
2559,2560,Mydress Mystyle,
2560,2561,Mr Plus,
2561,2562,frontech,
2562,2563,N K Computers,
2563,2564,Karp,
2564,2565,Neon,
2565,2566,Hotshot,
2566,2567,Star Wars,
2567,2568,Sangaitap,
2568,2569,Anker,
2569,2570,99Gems,
2570,2571,De TechInn,
2571,2572,DreamShop,
2572,2573,Clicko,
2573,2574,Bainsons,
2574,2575,Satzuma,
2575,2576,DivineXt,
2576,2577,Mobirite,
2577,2578,GANPATI WHOLSALER,
2578,2579,Akshaj,
2579,2580,Instella,
2580,2581,Lifestyle-You,
2581,2582,MRK Communication,
2582,2583,iConnect World,
2583,2584,Dragon,
2584,2585,Shadow Fax,
2585,2586,Dizionario,
2586,2587,Agrima,
2587,2588,Tecnia,
2588,2589,Smartpower,
2589,2590,Kensington,
2590,2591,RoyalLifestyle,
2591,2592,JBG Home Store,
2592,2593,AMY,
2593,2594,Hoopoe Decor,
2594,2595,WallDesign,
2595,2596,Shoperite,
2596,2597,Home Decor Line,
2597,2598,Redwave,
2598,2599,Jelly8,
2599,2600,ATV,
2600,2601,k shopping,
2601,2602,Sera,
2602,2603,IaD,
2603,2604,Sharleez,
2604,2605,Bella Moda,
2605,2606,Fashion Forever,
2606,2607,PURAN,
2607,2608,Shayona,
2608,2609,SViRU,
2609,2610,NYX,
2610,2611,kawal fashion,
2611,2612,Crezy,
2612,2613,Morph Maternity,
2613,2614,RANGSUTRA,
2614,2615,Gulmohar Jaipur,
2615,2616,Cotton Fab,
2616,2617,Abee,
2617,2618,Baalaa,
2618,2619,Shwetna.com,
2619,2620,AaliyaB,
2620,2621,I SQUARE ENTERPRISES,
2621,2622,Explore Embedded,
2622,2623,CHIKFAB,
2623,2624,Alobha,
2624,2625,Meera,
2625,2626,Wishkey,
2626,2627,Bombay Dyeing,
2627,2628,chamanhandicrafts,
2628,2629,Black Bee,
2629,2630,Trilokani,
2630,2631,Globalite,
2631,2632,Footrendz,
2632,2633,Sleek Line,
2633,2634,Naisha,
2634,2635,Tarkan,
2635,2636,Sivanna,
2636,2637,ABCD,
2637,2638,Abhinl Fashion,
2638,2639,Lance,
2639,2640,Lula,
2640,2641,Reinforce,
2641,2642,DFH,
2642,2643,Masterfit,
2643,2644,Trim,
2644,2645,Textile India,
2645,2646,Jewels Galaxy,
2646,2647,Jums,
2647,2648,Lily,
2648,2649,Inox Jewelry,
2649,2650,Dazzle Collections,
2650,2651,Jodhaa,
2651,2652,La Amber,
2652,2653,Knighthood,
2653,2654,Svvelte,
2654,2655,The Museum Outlet,
2655,2656,Homec,
2656,2657,925 Silver,
2657,2658,Blossom Berry,
2658,2659,Eternz,
2659,2660,Little India,
2660,2661,Bianca,
2661,2662,Gliteri,
2662,2663,Silver Arts,
2663,2664,Beadworks,
2664,2665,Kenway Retail,
2665,2666,Rich Cottons,
2666,2667,Zikrak Exim,
2667,2668,Nakashi,
2668,2669,Cinderella Collection By Shining Diva,
2669,2670,Sheetalworld,
2670,2671,Trident,
2671,2672,MSenterprises,
2672,2673,SJPearls,
2673,2674,SJ Pearls,
2674,2675,TheLostPuppy,
2675,2676,Theskinmantra,
2676,2677,Mafatlal,
2677,2678,Thelostpuppy,
2678,2679,Furry,
2679,2680,Nikunj,
2680,2681,Nkp,
2681,2682,NKP,
2682,2683,Babes,
2683,2684,Kirhans Apparels,
2684,2685,V&V ART,
2685,2686,ShwetaInternational,
2686,2687,Kalpaveda,
2687,2688,Shopnetix,
2688,2689,Riana,
2689,2690,BigshopOnline,
2690,2691,Ridhi Sidhi Collection,
2691,2692,Woven Terry,
2692,2693,TF Home Decor,
2693,2694,Casa Copenhagen,
2694,2695,Maspar,
2695,2696,Roma Brothers,
2696,2697,Kalai,
2697,2698,Sujit Bajaj Signature Jewellery,
2698,2699,Mandhania,
2699,2700,Antariksh,
2700,2701,DCA,
2701,2702,Chrishan,
2702,2703,AT,
2703,2704,Earthrosystem,
2704,2705,Amber,
2705,2706,Crunchy Fashion,
2706,2707,Home India,
2707,2708,Future Tech,
2708,2709,Gi De Meo,
2709,2710,SSCP,
2710,2711,Advikacreations,
2711,2712,Via Mazzini,
2712,2713,Sindoora,
2713,2714,Swaraj,
2714,2715,Alysa,
2715,2716,Glamour Gold,
2716,2717,Saashis Closet,
2717,2718,Suvini,
2718,2719,Alpha Man,
2719,2720,Alphaman,
2720,2721,Lamika Creations,
2721,2722,Rajcrafts,
2722,2723,KUHUK,
2723,2724,IWS,
2724,2725,Pristine Towels,
2725,2726,Arow,
2726,2727,LukLuck,
2727,2728,R.B,
2728,2729,Softspun,
2729,2730,Fantasy Home Decor,
2730,2731,You,
2731,2732,Opc,
2732,2733,Crazytowear,
2733,2734,Leshya,
2734,2735,R18jewels-Fashion&U,
2735,2736,Fashion Infinite,
2736,2737,Jewels Mountain,
2737,2738,Kyra,
2738,2739,MB,
2739,2740,Shadi Bazaar,
2740,2741,Rehoboth,
2741,2742,Durga Home Trendz,
2742,2743,Shahi Handicraft,
2743,2744,MicroCotton,
2744,2745,Indoart,
2745,2746,Sahej,
2746,2747,Arip,
2747,2748,Krishna Creation,
2748,2749,Leppy,
2749,2750,Jewelz,
2750,2751,SRSB,
2751,2752,Homeshopeez,
2752,2753,Waama Jewels,
2753,2754,Saffron Craft,
2754,2755,Just Linen,
2755,2756,Soulxpressions,
2756,2757,Shagun Trends,
2757,2758,Royalminchem,
2758,2759,Rustic India,
2759,2760,Home Attraction,
2760,2761,Tiskal,
2761,2762,Pioneerpragati,
2762,2763,Madhavs,
2763,2764,Aakar,
2764,2765,AAKAR,
2765,2766,Shopkeeda,
2766,2767,Classic Fashion Jewels,
2767,2768,Glitterss,
2768,2769,Noise,
2769,2770,Lotus,
2770,2771,L'appel Du Vide,
2771,2772,Stable Life,
2772,2773,Hot Wheels,
2773,2774,Zaffre's,
2774,2775,Simran Handicrafts,
2775,2776,Enerzy,
2776,2777,aahnafashion,
2777,2778,Starmark,
2778,2779,Fun Blox,
2779,2780,Raees,
2780,2781,Redex,
2781,2782,Technix,
2782,2783,Okane,
2783,2784,MUCHMORE,
2784,2785,MUDIT,
2785,2786,mae,
2786,2787,KIDS VILLAGE,
2787,2788,Pu-Easy Life,
2788,2789,FRICTION,
2789,2790,Zacharias,
2790,2791,SM Nutrition,
2791,2792,Krypton,
2792,2793,Fimex,
2793,2794,ETHICS,
2794,2795,FNB,
2795,2796,New tastemaker,
2796,2797,SUNSHINE,
2797,2798,V-Luma,
2798,2799,PROBOTT,
2799,2800,Techpro,
2800,2801,Prisha India Craft,
2801,2802,femitaly,
2802,2803,Fashion Craft,
2803,2804,ChiragBelhi,
2804,2805,tryfeet,
2805,2806,Kingsway,
2806,2807,JK Import,
2807,2808,BRANDWAGON,
2808,2809,Simrit,
2809,2810,ATHENA,
2810,2811,FashionPedia,
2811,2812,Relaxfeel,
2812,2813,Tara Lifestyle,
2813,2814,Rajdoot,
2814,2815,Yes Zone,
2815,2816,Nivia,
2816,2817,Miss Clyra,
2817,2818,i-Sports,
2818,2819,SUNWIN,
2819,2820,Bio kid,
2820,2821,Spick,
2821,2822,Amante,
2822,2823,Force 10 By Liberty,
2823,2824,Nite Flite,
2824,2825,Lolaski,
2825,2826,ASIAN,
2826,2827,Wilkins & Tuscany,
2827,2828,Lilpicks Couture,
2828,2829,MNTC,
2829,2830,Imagination And Beyond,
2830,2831,Modishera,
2831,2832,Vijayanti,
2832,2833,Space,
2833,2834,L&T,
2834,2835,Sonaxo,
2835,2836,Xpert,
2836,2837,Mankoose,
2837,2838,Pu-Right,
2838,2839,BelleGirl,
2839,2840,STYLE CLUES FASHION,
2840,2841,V3Squared,
2841,2842,Rex,
2842,2843,Mega product,
2843,2844,A-maze,
2844,2845,Home Genie,
2845,2846,Bada Saab Juniors,
2846,2847,Ajanta,
2847,2848,Ocean India,
2848,2849,vinay,
2849,2850,Day By Day,
2850,2851,Cotton On Kids,
2851,2852,Antshrike,
2852,2853,BRECKEN PAUL,
2853,2854,EthnicQueen,
2854,2855,Rosaline,
2855,2856,Portia,
2856,2857,Coucou,
2857,2858,AHAANA FASHION,
2858,2859,Proteens,
2859,2860,Zebie,
2860,2861,Urban Monk,
2861,2862,Like,
2862,2863,Prym,
2863,2864,Clickroo,
2864,2865,I cube,
2865,2866,Knot in Love,
2866,2867,Lux Inferno,
2867,2868,Anshul fashion,
2868,2869,FURNXT,
2869,2870,Zeroed,
2870,2871,mobiware,
2871,2872,Skovin,
2872,2873,Tipsy,
2873,2874,LittleThings,
2874,2875,Urban WhiZ,
2875,2876,Craze,
2876,2877,Stellar,
2877,2878,ManeKo,
2878,2879,Tabu,
2879,2880,Rs Electrical,
2880,2881,Trak N Tell,
2881,2882,Gigabyte,
2882,2883,Parth Collection,
2883,2884,DIY,
2884,2885,Indidecor,
2885,2886,Tech Fit,
2886,2887,AirFlow,
2887,2888,Royal Canin,
2888,2889,Spycom,
2889,2890,Xtandard,
2890,2891,GEMKOLABWELL,
2891,2892,GOGLE SOURCING,
2892,2893,wallskart,
2893,2894,signature,
2894,2895,LIME,
2895,2896,SHIMZA,
2896,2897,Gharonda,
2897,2898,Jettec,
2898,2899,GM,
2899,2900,DIVAS CHOICE,
2900,2901,Queen Steps,
2901,2902,TruSo,
2902,2903,Mobiroy,
2903,2904,skhoza,
2904,2905,Platinum,
2905,2906,Demokrazy,
2906,2907,Laviva,
2907,2908,Nimfill,
2908,2909,Darvesh,
2909,2910,Nitra,
2910,2911,SAJAY FASHIONS,
2911,2912,Weavers Villa,
2912,2913,MOOI-ZAK,
2913,2914,BOTH11,
2914,2915,Megaway,
2915,2916,Digilight,
2916,2917,SS,
2917,2918,Tucano,
2918,2919,YNA,
2919,2920,Gemei,
2920,2921,Anjalika,
2921,2922,Agrasen International,
2922,2923,Loomkart,
2923,2924,Sophies,
2924,2925,Pinc Ginger,
2925,2926,Zesture,
2926,2927,Anamis,
2927,2928,Home Delight,
2928,2929,My Party Suppliers,
2929,2930,Ratnapriya Art,
2930,2931,Valtellina,
2931,2932,Vps,
2932,2933,The Craftz,
2933,2934,Asist Health Care,
2934,2935,Nagar Handloom,
2935,2936,Metro,
2936,2937,Spangle,
2937,2938,Unnati,
2938,2939,Utsav Handicraft,
2939,2940,Usmas,
2940,2941,Jaipur Textile Hub,
2941,2942,COLORS FOR LIVING,
2942,2943,Aurraa,
2943,2944,Kiya Trends,
2944,2945,Rang Rage,
2945,2946,Mz Nova,
2946,2947,Wipro,
2947,2948,Paisa worth,
2948,2949,GrandShop,
2949,2950,MDI,
2950,2951,Case Logic,
2951,2952,Paradise,
2952,2953,TOP Q,
2953,2954,Logitech,
2954,2955,Majestic,
2955,2956,The Art Box,
2956,2957,Urban Style,
2957,2958,Dancing Girl,
2958,2959,Al Fakher,
2959,2960,Art Antiqua,
2960,2961,England,
2961,2962,iplay,
2962,2963,A To Z Traders,
2963,2964,Arabian Nights,
2964,2965,Browse House,
2965,2966,Raymond Home,
2966,2967,Rays007,
2967,2968,The Art Treasure,
2968,2969,Advitiya,
2969,2970,Jaipar Heritage,
2970,2971,Craft And Curtain,
2971,2972,Gathbandhan,
2972,2973,Sun Band,
2973,2974,carrol,
2974,2975,Veensh,
2975,2976,Indian Fashion,
2976,2977,Chandra Creations,
2977,2978,Optokart,
2978,2979,DANR,
2979,2980,Ceela,
2980,2981,SIHRA,
2981,2982,Sugandh Vatika,
2982,2983,LRIPL,
2983,2984,Arial Morris,
2984,2985,Cotab,
2985,2986,Katwa Clasic,
2986,2987,Shopo,
2987,2988,Dreamszone,
2988,2989,Onlinemart,
2989,2990,Anupamaa,
2990,2991,RREnterprizes,
2991,2992,Urbanvillage,
2992,2993,Breathe,
2993,2994,SM,
2994,2995,Sun Sports,
2995,2996,Cosco,
2996,2997,Yonex,
2997,2998,APG,
2998,2999,Stanford,
2999,3000,Frames,
3000,3001,Autocop,
3001,3002,KAN,
3002,3003,Anand's,
3003,3004,Artengo,
3004,3005,Blue Me,
3005,3006,Tf Pro,
3006,3007,RYAN,
3007,3008,SANMARIO,
3008,3009,Tappu Ki Dukaan,
3009,3010,Sigmatech,
3010,3011,JVC,
3011,3012,Bhalaria,
3012,3013,Taino,
3013,3014,Joynix,
3014,3015,Abhomedecor,
3015,3016,BrandMeUp,
3016,3017,COTTON ON KIDS,
3017,3018,Celebration,
3018,3019,Ira Soleil,
3019,3020,PRINT SHAPES,
3020,3021,69th Avenue,
3021,3022,Little's Wear,
3022,3023,Aaina Home Decor,
3023,3024,stylishvilla,
3024,3025,Khushi Fashions,
3025,3026,LIENZ,
3026,3027,M S Rugs,
3027,3028,Pezzava,
3028,3029,GIMS,
3029,3030,UCB,
3030,3031,W,
3031,3032,Black Butterfly,
3032,3033,feminine,
3033,3034,DH-Discovery,
3034,3035,ZEVA,
3035,3036,T THREE,
3036,3037,FURNISHINGLAND,
3037,3038,Laser X,
3038,3039,MRB,
3039,3040,Scholar,
3040,3041,loomkart,
3041,3042,Jheel,
3042,3043,Red Rose,
3043,3044,Jouer,
3044,3045,Balujas,
3045,3046,Giftwell,
3046,3047,Toyto,
3047,3048,JTC Platinum,
3048,3049,GO LUCKNOW,
3049,3050,AUROSHIKHA,
3050,3051,Checkered Chef,
3051,3052,SYON,
3052,3053,Sparklings,
3053,3054,Gudi,
3054,3055,OMS ZONE,
3055,3056,Swastik,
3056,3057,Change360,
3057,3058,Champ,
3058,3059,Bela Home,
3059,3060,NEXASHOP,
3060,3061,Shiyara,
3061,3062,Z-Support,
3062,3063,U. R. GOD,
3063,3064,HashTag,
3064,3065,Alicia Souza,
3065,3066,CALCULUS,
3066,3067,UNCLE BENIT,
3067,3068,Rejewel,
3068,3069,veronica,
3069,3070,ROYLE KATOCH,
3070,3071,Jaycoknit,
3071,3072,GENIAL,
3072,3073,overstockedkitchen,
3073,3074,Jacadi paris,
3074,3075,ANAND ARCHIES,
3075,3076,Springwel,
3076,3077,OSS-FUEL,
3077,3078,SMS,
3078,3079,RJVON,
3079,3080,Asmi,
3080,3081,eSms,
3081,3082,Nilkamal,
3082,3083,LOTTIE LONDON,
3083,3084,Cratly,
3084,3085,Celix,
3085,3086,Shree Creation,
3086,3087,Jaipurkurti,
3087,3088,KRiSS,
3088,3089,Aarti Collections,
3089,3090,Novicz,
3090,3091,SV Creations,
3091,3092,Viari,
3092,3093,Gift Studio,
3093,3094,Joola,
3094,3095,Adore London,
3095,3096,Meow Wings,
3096,3097,Priority,
3097,3098,Maharaja,
3098,3099,Anjali,
3099,3100,Deep,
3100,3101,Butterflies,
3101,3102,Yumlookup,
3102,3103,DLOOP,
3103,3104,Utsukushii,
3104,3105,Probott,
3105,3106,Rosepetal,
3106,3107,V-AARCI,
3107,3108,SAYITLOUD,
3108,3109,Ethnic Handicrafts,
3109,3110,NavyaRiti,
3110,3111,Novel,
3111,3112,Rishan,
3112,3113,GND,
3113,3114,Osmonde,
3114,3115,fabwoods,
3115,3116,Satrani,
3116,3117,Rootz,
3117,3118,Aamore Decor,
3118,3119,Terracotta,
3119,3120,Aakrati,
3120,3121,BijouVertex,
3121,3122,Agnihotra Creations,
3122,3123,Art Godaam,
3123,3124,Navisha,
3124,3125,Fourwalls,
3125,3126,Swayambhu,
3126,3127,Utsokt,
3127,3128,Yijun,
3128,3129,Vedic Deals,
3129,3130,Chrome,
3130,3131,MPCI,
3131,3132,Kaatru,
3132,3133,Aarnaa,
3133,3134,Jewlot,
3134,3135,Riddhi Siddhi,
3135,3136,JJ Jonex,
3136,3137,Berge,
3137,3138,Liz Lange,
3138,3139,Trends On Wall,
3139,3140,Arshia Fashions,
3140,3141,SRK GROUPS,
3141,3142,CoffeeBean,
3142,3143,Elephant Brand,
3143,3144,Hiakan,
3144,3145,I-Pop,
3145,3146,PDI,
3146,3147,Goodyear,
3147,3148,Woodman,
3148,3149,Pedrini,
3149,3150,Artnconcept,
3150,3151,DECOREX,
3151,3152,Shoprillo,
3152,3153,Ted Smith,
3153,3154,Thoughtroad,
3154,3155,Body Care,
3155,3156,Cenizas,
3156,3157,Lavish Blink,
3157,3158,G&G,
3158,3159,Red Peach,
3159,3160,AM Creation,
3160,3161,SHOP FRENZY,
3161,3162,Manirathnum,
3162,3163,Kelvinator,
3163,3164,BnC,
3164,3165,Tupperware,
3165,3166,Anshuhandicrafts,
3166,3167,Sitare,
3167,3168,Eplant,
3168,3169,Finnexe,
3169,3170,TimberTaste,
3170,3171,SportsHouse,
3171,3172,krishna art,
3172,3173,NOVA,
3173,3174,Avalon Organics,
3174,3175,Balaji Art,
3175,3176,Khaan Saab Editions,
3176,3177,CTW,
3177,3178,Astrodidi,
3178,3179,nogaiya,
3179,3180,Via Flowers Llp,
3180,3181,Hi Art,
3181,3182,Data cable,
3182,3183,SMART TRADERS,
3183,3184,Koncepts,
3184,3185,ELITE STATUES,
3185,3186,Mod-Inn,
3186,3187,StyleStuffs,
3187,3188,Happiness Is,
3188,3189,MAIRAAH,
3189,3190,Aston Paris,
3190,3191,boom,
3191,3192,Balaji,
3192,3193,Lady Stark,
3193,3194,PIGEON,
3194,3195,Scot Wilson,
3195,3196,MomToBe,
3196,3197,Princeware,
3197,3198,Gautam Buddha,
3198,3199,KASCN,
3199,3200,Khwaab Enterprise,
3200,3201,THREE WICKETS,
3201,3202,tiwaritraders,
3202,3203,Lock&Lock,
3203,3204,Lowe Alpine,
3204,3205,ORKA,
3205,3206,Manthan,
3206,3207,Krocs,
3207,3208,APOLLO+,
3208,3209,TEMPO,
3209,3210,Ezee,
3210,3211,ZALULA,
3211,3212,ELEGANZE DECOR,
3212,3213,HuppmeGift,
3213,3214,EASIES,
3214,3215,Blackberrys,
3215,3216,BACHELORS N BEYOND,
3216,3217,blue stag,
3217,3218,Van Don,
3218,3219,Sting,
3219,3220,TOC,
3220,3221,Menjestic,
3221,3222,Bemoree,
3222,3223,Stonkraft,
3223,3224,Masterhandicraft,
3224,3225,FS Brass,
3225,3226,Shubham Exports,
3226,3227,Revlon,
3227,3228,Doraemon Gift Family Ceramic Coffee Mug,
3228,3229,Milani,
3229,3230,Ibz,
3230,3231,e.l.f. Cosmetics,
3231,3232,JHON DIEGO,
3232,3233,FreeHand,
3233,3234,The Bean House,
3234,3235,barbarik,
3235,3236,NIROSHA,
3236,3237,Aster Luxury,
3237,3238,BEARDO,
3238,3239,Medex,
3239,3240,Royal Kurta,
3240,3241,SkyWheels,
3241,3242,Chumbak,
3242,3243,Anuze Fashions,
3243,3244,BM WOOD FURNITURE,
3244,3245,the jewelbox,
3245,3246,Phototech,
3246,3247,Orange and Orchid,
3247,3248,SKIDLERS,
3248,3249,hi-tech,
3249,3250,Velvetcase,
3250,3251,ASHAWAY,
3251,3252,KAPFAB,
3252,3253,jay fashion,
3253,3254,Fashiondeal,
3254,3255,Addyvero,
3255,3256,Wall Decal,
3256,3257,JBI,
3257,3258,Head Kik,
3258,3259,Gojeeva,
3259,3260,CONVENIENCE,
3260,3261,ESBEDA,
3261,3262,Czds India,
3262,3263,kush creation,
3263,3264,LAWMAN PG3,
3264,3265,Dongli,
3265,3266,NEWLOOK,
3266,3267,Ech oly,
3267,3268,Raju purse collection,
3268,3269,Jovan,
3269,3270,Awesome Fab,
3270,3271,Sherie,
3271,3272,Gopalvilla,
3272,3273,Comfort Couch,
3273,3274,Art N Hub,
3274,3275,Man2 OSH Kimaka,
3275,3276,texclusive,
3276,3277,Wetex Premium,
3277,3278,Wonder World,
3278,3279,Layer'r,
3279,3280,Capturing Happiness,
3280,3281,Viyasha,
3281,3282,Sizzlacious,
3282,3283,GOLDEN GIRL,
3283,3284,Prajo,
3284,3285,Maayas,
3285,3286,BUTTERFILES,
3286,3287,Amatra,
3287,3288,Da intimo,
3288,3289,Simran,
3289,3290,Styleworld,
3290,3291,Toons,
3291,3292,Histeria,
3292,3293,Exxotic Jewelz,
3293,3294,Allora,
3294,3295,Inddus,
3295,3296,Shine Tech,
3296,3297,Kanch Mall,
3297,3298,JK Cartridge,
3298,3299,Lajo,
3299,3300,Safari Ltd.,
3300,3301,Camt,
3301,3302,Tom and Jerry,
3302,3303,Good Way,
3303,3304,Aroma Comfort,
3304,3305,KA,
3305,3306,Lip Rageous,
3306,3307,American Club,
3307,3308,Dloop,
3308,3309,RONAKSILK,
3309,3310,DC Universe,
3310,3311,Polo House USA,
3311,3312,Shreeka,
3312,3313,Surgical e Sstudio,
3313,3314,Eaglemoss Publications,
3314,3315,X-Plus,
3315,3316,Goblin,
3316,3317,Wild Republic,
3317,3318,Auto Power Gold,
3318,3319,Good Win,
3319,3320,Nendoroid,
3320,3321,Craftatoz,
3321,3322,Khanna Jupiter,
3322,3323,Oswal,
3323,3324,Sentinel,
3324,3325,Calico Critters,
3325,3326,Solo,
3326,3327,SARK,
3327,3328,Tokidoki,
3328,3329,Discovery Toys,
3329,3330,Lady Diana,
3330,3331,Lovely,
3331,3332,Cynthia's Fashion,
3332,3333,Blizzard Entertainment,
3333,3334,MUA MAKEUP ACADEMY,
3334,3335,SafeAnBTouch,
3335,3336,The Loyal Subjects,
3336,3337,Whirlpool,
3337,3338,Hunter,
3338,3339,Atithee,
3339,3340,Moulin Roty,
3340,3341,Doctor Who,
3341,3342,OMRD,
3342,3343,Johhny Cash,
3343,3344,Hddecor,
3344,3345,Kerastase,
3345,3346,Predator,
3346,3347,sark,
3347,3348,happy deals,
3348,3349,Chap Ice,
3349,3350,Ninecolours,
3350,3351,Hasbro,
3351,3352,Vinex,
3352,3353,Great Eastern,
3353,3354,SAJNA CELEBRATIONS,
3354,3355,Prescott,
3355,3356,DEEPAK N DIVYA,
3356,3357,Beyblade,
3357,3358,Navigator,
3358,3359,Dr.Cool,
3359,3360,Plus Value,
3360,3361,raju purse collection,
3361,3362,ALL DAY 365,
3362,3363,Raju Purse Collection,
3363,3364,Indiatrendzs,
3364,3365,Shopmore,
3365,3366,GoWell,
3366,3367,Leo n Babes,
3367,3368,Antistreet,
3368,3369,Heeran Art,
3369,3370,Vio,
3370,3371,Pazel,
3371,3372,The Body Care,
3372,3373,KAROZ,
3373,3374,Luca Fashion,
3374,3375,Shoetopia,
3375,3376,Beanz,
3376,3377,Sinina,
3377,3378,Aarushi Fashion,
3378,3379,Ambika Lahenga,
3379,3380,Elite Collection,
3380,3381,999store,
3381,3382,Oren Empower,
3382,3383,Uberlyfe,
3383,3384,Fun To See,
